#
# There is insufficient memory for the Java Runtime Environment to continue.
# Native memory allocation (malloc) failed to allocate 1072496 bytes. Error detail: Chunk::new
# Possible reasons:
#   The system is out of physical RAM or swap space
#   This process is running with CompressedOops enabled, and the Java Heap may be blocking the growth of the native heap
# Possible solutions:
#   Reduce memory load on the system
#   Increase physical memory or swap space
#   Check if swap backing store is full
#   Decrease Java heap size (-Xmx/-Xms)
#   Decrease number of Java threads
#   Decrease Java thread stack sizes (-Xss)
#   Set larger code cache with -XX:ReservedCodeCacheSize=
#   JVM is running with Unscaled Compressed Oops mode in which the Java heap is
#     placed in the first 4GB address space. The Java Heap base address is the
#     maximum limit for the native heap growth. Please use -XX:HeapBaseMinAddress
#     to set the Java Heap base and to place the Java Heap above 4GB virtual address.
# This output file may be truncated or incomplete.
#
#  Out of Memory Error (arena.cpp:168), pid=24440, tid=2860
#
# JRE version: OpenJDK Runtime Environment (21.0.7) (build 21.0.7+-13880790-b1038.58)
# Java VM: OpenJDK 64-Bit Server VM (21.0.7+-13880790-b1038.58, mixed mode, tiered, compressed oops, compressed class ptrs, g1 gc, windows-amd64)
# No core dump will be written. Minidumps are not enabled by default on client versions of Windows
#

---------------  S U M M A R Y ------------

Command Line: --add-opens=java.base/java.lang=ALL-UNNAMED --add-opens=java.base/java.lang.invoke=ALL-UNNAMED --add-opens=java.base/java.util=ALL-UNNAMED --add-opens=java.prefs/java.util.prefs=ALL-UNNAMED --add-exports=jdk.compiler/com.sun.tools.javac.api=ALL-UNNAMED --add-exports=jdk.compiler/com.sun.tools.javac.util=ALL-UNNAMED --add-opens=java.base/java.util=ALL-UNNAMED --add-opens=java.prefs/java.util.prefs=ALL-UNNAMED --add-opens=java.base/java.nio.charset=ALL-UNNAMED --add-opens=java.base/java.net=ALL-UNNAMED --add-opens=java.base/java.util.concurrent.atomic=ALL-UNNAMED --add-opens=java.xml/javax.xml.namespace=ALL-UNNAMED -Xmx2048m -Dfile.encoding=UTF-8 -Duser.country=US -Duser.language=en -Duser.variant -javaagent:C:\Users\USER\.gradle\wrapper\dists\gradle-8.13-bin\5xuhj0ry160q40clulazy9h7d\gradle-8.13\lib\agents\gradle-instrumentation-agent-8.13.jar org.gradle.launcher.daemon.bootstrap.GradleDaemon 8.13

Host: Intel(R) Core(TM) i5-8265U CPU @ 1.60GHz, 8 cores, 7G,  Windows 11 , 64 bit Build 26100 (10.0.26100.7309)
Time: Tue Jan  6 23:41:36 2026 W. Central Africa Standard Time elapsed time: 102.659163 seconds (0d 0h 1m 42s)

---------------  T H R E A D  ---------------

Current thread (0x000001bca8183ad0):  JavaThread "C2 CompilerThread0" daemon [_thread_in_native, id=2860, stack(0x0000004e30b00000,0x0000004e30c00000) (1024K)]


Current CompileTask:
C2:102659 22444   !   4       com.sun.org.apache.xerces.internal.parsers.AbstractSAXParser::startElement (318 bytes)

Stack: [0x0000004e30b00000,0x0000004e30c00000]
Native frames: (J=compiled Java code, j=interpreted, Vv=VM code, C=native code)
V  [jvm.dll+0x6d25c9]
V  [jvm.dll+0x860923]
V  [jvm.dll+0x862e7e]
V  [jvm.dll+0x863563]
V  [jvm.dll+0x27f156]
V  [jvm.dll+0xc002d]
V  [jvm.dll+0xc0563]
V  [jvm.dll+0x2f31f0]
V  [jvm.dll+0x5fc309]
V  [jvm.dll+0x250f82]
V  [jvm.dll+0x25133f]
V  [jvm.dll+0x249ae5]
V  [jvm.dll+0x24733e]
V  [jvm.dll+0x1c5fb4]
V  [jvm.dll+0x256bac]
V  [jvm.dll+0x2550f6]
V  [jvm.dll+0x3f1d16]
V  [jvm.dll+0x808d08]
V  [jvm.dll+0x6d0e1d]
C  [ucrtbase.dll+0x37b0]
C  [KERNEL32.DLL+0x2e8d7]
C  [ntdll.dll+0x8c53c]


---------------  P R O C E S S  ---------------

Threads class SMR info:
_java_thread_list=0x000001bcbcffbfa0, length=115, elements={
0x000001bc908ca9c0, 0x000001bca811f910, 0x000001bca8147cf0, 0x000001bca8149ee0,
0x000001bca817c440, 0x000001bca817cab0, 0x000001bca817e080, 0x000001bca817f650,
0x000001bca8183ad0, 0x000001bca8184570, 0x000001bca850b800, 0x000001bcad340e80,
0x000001bcadf87230, 0x000001bcad604c00, 0x000001bcad214a70, 0x000001bcadac91a0,
0x000001bcad5653f0, 0x000001bcadb47430, 0x000001bcadb46820, 0x000001bcadb45b00,
0x000001bcadb45470, 0x000001bcadb46190, 0x000001bcae3e2b90, 0x000001bcae3e0ac0,
0x000001bcae3e1150, 0x000001bcae3e1e70, 0x000001bcae3e2500, 0x000001bcae3e3220,
0x000001bcae3dfda0, 0x000001bcae3e38b0, 0x000001bcae3e52f0, 0x000001bcae3e5980,
0x000001bcae3e73c0, 0x000001bcae3e45d0, 0x000001bcae3e3f40, 0x000001bcae740270,
0x000001bcae73fbe0, 0x000001bcae740900, 0x000001bcae741620, 0x000001bcae73e1a0,
0x000001bcae741cb0, 0x000001bcae73e830, 0x000001bcae742340, 0x000001bcae740f90,
0x000001bcae73eec0, 0x000001bcae7429d0, 0x000001bcae73f550, 0x000001bcae7457c0,
0x000001bcae743060, 0x000001bcae744aa0, 0x000001bcae7436f0, 0x000001bcae743d80,
0x000001bcae9cd2b0, 0x000001bcae9cd940, 0x000001bcae9cbf00, 0x000001bcae9cab50,
0x000001bcae9ccc20, 0x000001bcae9ce660, 0x000001bcae9cb1e0, 0x000001bcae9cc590,
0x000001bcae9cecf0, 0x000001bcae9cb870, 0x000001bcae9cf380, 0x000001bcae9d00a0,
0x000001bcae9d1450, 0x000001bcae9cfa10, 0x000001bcae9d0730, 0x000001bcae9d2170,
0x000001bcae9d0dc0, 0x000001bcae9d1ae0, 0x000001bcb0c806e0, 0x000001bcb0c80d70,
0x000001bcb0c81400, 0x000001bcbb87f830, 0x000001bcbb87f1a0, 0x000001bcbb36e200,
0x000001bcbbae3e10, 0x000001bcbbae16b0, 0x000001bcbbae51c0, 0x000001bcbbae5850,
0x000001bcbbae9360, 0x000001bcbbae8640, 0x000001bcbbae8cd0, 0x000001bcbbae7920,
0x000001bcbbae5ee0, 0x000001bcbbae99f0, 0x000001bcbbae7290, 0x000001bcbbae7fb0,
0x000001bcbbae6570, 0x000001bcbbaea080, 0x000001bcbbae6c00, 0x000001bcbbaece70,
0x000001bcbbaedb90, 0x000001bcbbaec150, 0x000001bcbbaea710, 0x000001bcbbaee220,
0x000001bcbbaeada0, 0x000001bcbbaee8b0, 0x000001bcbbaeef40, 0x000001bcb0d40540,
0x000001bcb0d3eb00, 0x000001bcb0d44050, 0x000001bcb0d42ca0, 0x000001bcbc146c10,
0x000001bcbc146580, 0x000001bcbc1472a0, 0x000001bcbc1444b0, 0x000001bcbc147fc0,
0x000001bcbc147930, 0x000001bcbc144b40, 0x000001bcbc1451d0, 0x000001bcbc148650,
0x000001bcbc145860, 0x000001bcbc148ce0, 0x000001bcbcd3c2f0
}

Java Threads: ( => current thread )
  0x000001bc908ca9c0 JavaThread "main"                              [_thread_blocked, id=20392, stack(0x0000004e2fc00000,0x0000004e2fd00000) (1024K)]
  0x000001bca811f910 JavaThread "Common-Cleaner"             daemon [_thread_blocked, id=18732, stack(0x0000004e30400000,0x0000004e30500000) (1024K)]
  0x000001bca8147cf0 JavaThread "Reference Handler"          daemon [_thread_blocked, id=21668, stack(0x0000004e30500000,0x0000004e30600000) (1024K)]
  0x000001bca8149ee0 JavaThread "Finalizer"                  daemon [_thread_blocked, id=19176, stack(0x0000004e30600000,0x0000004e30700000) (1024K)]
  0x000001bca817c440 JavaThread "Signal Dispatcher"          daemon [_thread_blocked, id=15964, stack(0x0000004e30700000,0x0000004e30800000) (1024K)]
  0x000001bca817cab0 JavaThread "Attach Listener"            daemon [_thread_blocked, id=12368, stack(0x0000004e30800000,0x0000004e30900000) (1024K)]
  0x000001bca817e080 JavaThread "Service Thread"             daemon [_thread_blocked, id=15284, stack(0x0000004e30900000,0x0000004e30a00000) (1024K)]
  0x000001bca817f650 JavaThread "Monitor Deflation Thread"   daemon [_thread_blocked, id=20940, stack(0x0000004e30a00000,0x0000004e30b00000) (1024K)]
=>0x000001bca8183ad0 JavaThread "C2 CompilerThread0"         daemon [_thread_in_native, id=2860, stack(0x0000004e30b00000,0x0000004e30c00000) (1024K)]
  0x000001bca8184570 JavaThread "C1 CompilerThread0"         daemon [_thread_blocked, id=27160, stack(0x0000004e30c00000,0x0000004e30d00000) (1024K)]
  0x000001bca850b800 JavaThread "Notification Thread"        daemon [_thread_blocked, id=22540, stack(0x0000004e30d00000,0x0000004e30e00000) (1024K)]
  0x000001bcad340e80 JavaThread "Daemon health stats"               [_thread_blocked, id=2068, stack(0x0000004e31300000,0x0000004e31400000) (1024K)]
  0x000001bcadf87230 JavaThread "Incoming local TCP Connector on port 63133"        [_thread_in_native, id=16692, stack(0x0000004e31100000,0x0000004e31200000) (1024K)]
  0x000001bcad604c00 JavaThread "Daemon periodic checks"            [_thread_blocked, id=22328, stack(0x0000004e31400000,0x0000004e31500000) (1024K)]
  0x000001bcad214a70 JavaThread "Daemon"                            [_thread_blocked, id=16908, stack(0x0000004e31500000,0x0000004e31600000) (1024K)]
  0x000001bcadac91a0 JavaThread "Handler for socket connection from /127.0.0.1:63133 to /127.0.0.1:63134"        [_thread_in_native, id=7684, stack(0x0000004e31600000,0x0000004e31700000) (1024K)]
  0x000001bcad5653f0 JavaThread "Cancel handler"                    [_thread_blocked, id=23508, stack(0x0000004e31700000,0x0000004e31800000) (1024K)]
  0x000001bcadb47430 JavaThread "Daemon worker"                     [_thread_blocked, id=16132, stack(0x0000004e31800000,0x0000004e31900000) (1024K)]
  0x000001bcadb46820 JavaThread "Asynchronous log dispatcher for DefaultDaemonConnection: socket connection from /127.0.0.1:63133 to /127.0.0.1:63134"        [_thread_blocked, id=18996, stack(0x0000004e31900000,0x0000004e31a00000) (1024K)]
  0x000001bcadb45b00 JavaThread "Stdin handler"                     [_thread_blocked, id=24016, stack(0x0000004e31a00000,0x0000004e31b00000) (1024K)]
  0x000001bcadb45470 JavaThread "Daemon client event forwarder"        [_thread_blocked, id=6912, stack(0x0000004e31b00000,0x0000004e31c00000) (1024K)]
  0x000001bcadb46190 JavaThread "Cache worker for journal cache (C:\Users\USER\.gradle\caches\journal-1)"        [_thread_blocked, id=26224, stack(0x0000004e32000000,0x0000004e32100000) (1024K)]
  0x000001bcae3e2b90 JavaThread "File lock request listener"        [_thread_in_native, id=18524, stack(0x0000004e32100000,0x0000004e32200000) (1024K)]
  0x000001bcae3e0ac0 JavaThread "Cache worker for file hash cache (C:\Users\USER\.gradle\caches\8.13\fileHashes)"        [_thread_blocked, id=16280, stack(0x0000004e32200000,0x0000004e32300000) (1024K)]
  0x000001bcae3e1150 JavaThread "Cache worker for file hash cache (C:\Users\USER\AndroidStudioProjects\Newconstructionappwithlocationtracking\.gradle\8.13\fileHashes)"        [_thread_blocked, id=11740, stack(0x0000004e32400000,0x0000004e32500000) (1024K)]
  0x000001bcae3e1e70 JavaThread "Cache worker for Build Output Cleanup Cache (C:\Users\USER\AndroidStudioProjects\Newconstructionappwithlocationtracking\.gradle\buildOutputCleanup)"        [_thread_blocked, id=23700, stack(0x0000004e32500000,0x0000004e32600000) (1024K)]
  0x000001bcae3e2500 JavaThread "File watcher server"        daemon [_thread_blocked, id=4052, stack(0x0000004e32300000,0x0000004e32400000) (1024K)]
  0x000001bcae3e3220 JavaThread "File watcher consumer"      daemon [_thread_blocked, id=14876, stack(0x0000004e32600000,0x0000004e32700000) (1024K)]
  0x000001bcae3dfda0 JavaThread "jar transforms"                    [_thread_blocked, id=26372, stack(0x0000004e32800000,0x0000004e32900000) (1024K)]
  0x000001bcae3e38b0 JavaThread "jar transforms Thread 2"           [_thread_blocked, id=21988, stack(0x0000004e32900000,0x0000004e32a00000) (1024K)]
  0x000001bcae3e52f0 JavaThread "Cache worker for checksums cache (C:\Users\USER\AndroidStudioProjects\Newconstructionappwithlocationtracking\.gradle\8.13\checksums)"        [_thread_blocked, id=20796, stack(0x0000004e32a00000,0x0000004e32b00000) (1024K)]
  0x000001bcae3e5980 JavaThread "Cache worker for file content cache (C:\Users\USER\.gradle\caches\8.13\fileContent)"        [_thread_blocked, id=5456, stack(0x0000004e32b00000,0x0000004e32c00000) (1024K)]
  0x000001bcae3e73c0 JavaThread "jar transforms Thread 3"           [_thread_blocked, id=19672, stack(0x0000004e32c00000,0x0000004e32d00000) (1024K)]
  0x000001bcae3e45d0 JavaThread "Cache worker for cache directory md-supplier (C:\Users\USER\.gradle\caches\8.13\md-supplier)"        [_thread_blocked, id=21888, stack(0x0000004e32d00000,0x0000004e32e00000) (1024K)]
  0x000001bcae3e3f40 JavaThread "Cache worker for cache directory md-rule (C:\Users\USER\.gradle\caches\8.13\md-rule)"        [_thread_blocked, id=23896, stack(0x0000004e32e00000,0x0000004e32f00000) (1024K)]
  0x000001bcae740270 JavaThread "Unconstrained build operations"        [_thread_blocked, id=14300, stack(0x0000004e32f00000,0x0000004e33000000) (1024K)]
  0x000001bcae73fbe0 JavaThread "Unconstrained build operations Thread 2"        [_thread_blocked, id=23452, stack(0x0000004e33000000,0x0000004e33100000) (1024K)]
  0x000001bcae740900 JavaThread "Unconstrained build operations Thread 3"        [_thread_blocked, id=6212, stack(0x0000004e33100000,0x0000004e33200000) (1024K)]
  0x000001bcae741620 JavaThread "Unconstrained build operations Thread 4"        [_thread_blocked, id=14504, stack(0x0000004e33200000,0x0000004e33300000) (1024K)]
  0x000001bcae73e1a0 JavaThread "Unconstrained build operations Thread 5"        [_thread_blocked, id=4952, stack(0x0000004e33300000,0x0000004e33400000) (1024K)]
  0x000001bcae741cb0 JavaThread "Unconstrained build operations Thread 6"        [_thread_blocked, id=4964, stack(0x0000004e33400000,0x0000004e33500000) (1024K)]
  0x000001bcae73e830 JavaThread "Unconstrained build operations Thread 7"        [_thread_blocked, id=10816, stack(0x0000004e33500000,0x0000004e33600000) (1024K)]
  0x000001bcae742340 JavaThread "Unconstrained build operations Thread 8"        [_thread_blocked, id=25928, stack(0x0000004e33600000,0x0000004e33700000) (1024K)]
  0x000001bcae740f90 JavaThread "jar transforms Thread 4"           [_thread_blocked, id=8432, stack(0x0000004e33700000,0x0000004e33800000) (1024K)]
  0x000001bcae73eec0 JavaThread "jar transforms Thread 5"           [_thread_blocked, id=19984, stack(0x0000004e32700000,0x0000004e32800000) (1024K)]
  0x000001bcae7429d0 JavaThread "Unconstrained build operations Thread 9"        [_thread_blocked, id=10416, stack(0x0000004e33900000,0x0000004e33a00000) (1024K)]
  0x000001bcae73f550 JavaThread "Unconstrained build operations Thread 10"        [_thread_blocked, id=8760, stack(0x0000004e33a00000,0x0000004e33b00000) (1024K)]
  0x000001bcae7457c0 JavaThread "Unconstrained build operations Thread 11"        [_thread_blocked, id=20356, stack(0x0000004e33b00000,0x0000004e33c00000) (1024K)]
  0x000001bcae743060 JavaThread "Unconstrained build operations Thread 12"        [_thread_blocked, id=3884, stack(0x0000004e33c00000,0x0000004e33d00000) (1024K)]
  0x000001bcae744aa0 JavaThread "jar transforms Thread 6"           [_thread_blocked, id=10864, stack(0x0000004e33d00000,0x0000004e33e00000) (1024K)]
  0x000001bcae7436f0 JavaThread "jar transforms Thread 7"           [_thread_blocked, id=26240, stack(0x0000004e33e00000,0x0000004e33f00000) (1024K)]
  0x000001bcae743d80 JavaThread "jar transforms Thread 8"           [_thread_blocked, id=22100, stack(0x0000004e33f00000,0x0000004e34000000) (1024K)]
  0x000001bcae9cd2b0 JavaThread "Unconstrained build operations Thread 13"        [_thread_blocked, id=5924, stack(0x0000004e33800000,0x0000004e33900000) (1024K)]
  0x000001bcae9cd940 JavaThread "Unconstrained build operations Thread 14"        [_thread_blocked, id=2768, stack(0x0000004e34100000,0x0000004e34200000) (1024K)]
  0x000001bcae9cbf00 JavaThread "Unconstrained build operations Thread 15"        [_thread_blocked, id=9076, stack(0x0000004e34200000,0x0000004e34300000) (1024K)]
  0x000001bcae9cab50 JavaThread "Unconstrained build operations Thread 16"        [_thread_blocked, id=17104, stack(0x0000004e34300000,0x0000004e34400000) (1024K)]
  0x000001bcae9ccc20 JavaThread "Unconstrained build operations Thread 17"        [_thread_blocked, id=23260, stack(0x0000004e34400000,0x0000004e34500000) (1024K)]
  0x000001bcae9ce660 JavaThread "Unconstrained build operations Thread 18"        [_thread_blocked, id=4420, stack(0x0000004e34500000,0x0000004e34600000) (1024K)]
  0x000001bcae9cb1e0 JavaThread "Unconstrained build operations Thread 19"        [_thread_blocked, id=788, stack(0x0000004e34600000,0x0000004e34700000) (1024K)]
  0x000001bcae9cc590 JavaThread "Unconstrained build operations Thread 20"        [_thread_blocked, id=6468, stack(0x0000004e34700000,0x0000004e34800000) (1024K)]
  0x000001bcae9cecf0 JavaThread "Unconstrained build operations Thread 21"        [_thread_blocked, id=7616, stack(0x0000004e34800000,0x0000004e34900000) (1024K)]
  0x000001bcae9cb870 JavaThread "Unconstrained build operations Thread 22"        [_thread_blocked, id=8044, stack(0x0000004e34900000,0x0000004e34a00000) (1024K)]
  0x000001bcae9cf380 JavaThread "Unconstrained build operations Thread 23"        [_thread_blocked, id=21968, stack(0x0000004e34a00000,0x0000004e34b00000) (1024K)]
  0x000001bcae9d00a0 JavaThread "Unconstrained build operations Thread 24"        [_thread_blocked, id=16200, stack(0x0000004e34b00000,0x0000004e34c00000) (1024K)]
  0x000001bcae9d1450 JavaThread "Unconstrained build operations Thread 25"        [_thread_blocked, id=22472, stack(0x0000004e34c00000,0x0000004e34d00000) (1024K)]
  0x000001bcae9cfa10 JavaThread "Unconstrained build operations Thread 26"        [_thread_blocked, id=27080, stack(0x0000004e34d00000,0x0000004e34e00000) (1024K)]
  0x000001bcae9d0730 JavaThread "Unconstrained build operations Thread 27"        [_thread_blocked, id=1848, stack(0x0000004e34e00000,0x0000004e34f00000) (1024K)]
  0x000001bcae9d2170 JavaThread "Unconstrained build operations Thread 28"        [_thread_blocked, id=26176, stack(0x0000004e34f00000,0x0000004e35000000) (1024K)]
  0x000001bcae9d0dc0 JavaThread "Unconstrained build operations Thread 29"        [_thread_blocked, id=18868, stack(0x0000004e35000000,0x0000004e35100000) (1024K)]
  0x000001bcae9d1ae0 JavaThread "Unconstrained build operations Thread 30"        [_thread_blocked, id=1724, stack(0x0000004e35100000,0x0000004e35200000) (1024K)]
  0x000001bcb0c806e0 JavaThread "Unconstrained build operations Thread 31"        [_thread_blocked, id=24528, stack(0x0000004e35200000,0x0000004e35300000) (1024K)]
  0x000001bcb0c80d70 JavaThread "Unconstrained build operations Thread 32"        [_thread_blocked, id=25644, stack(0x0000004e35300000,0x0000004e35400000) (1024K)]
  0x000001bcb0c81400 JavaThread "Unconstrained build operations Thread 33"        [_thread_blocked, id=22392, stack(0x0000004e35400000,0x0000004e35500000) (1024K)]
  0x000001bcbb87f830 JavaThread "build event listener"              [_thread_blocked, id=23748, stack(0x0000004e35500000,0x0000004e35600000) (1024K)]
  0x000001bcbb87f1a0 JavaThread "Memory manager"                    [_thread_blocked, id=22832, stack(0x0000004e35600000,0x0000004e35700000) (1024K)]
  0x000001bcbb36e200 JavaThread "build event listener"              [_thread_blocked, id=18892, stack(0x0000004e35a00000,0x0000004e35b00000) (1024K)]
  0x000001bcbbae3e10 JavaThread "included builds"                   [_thread_blocked, id=25652, stack(0x0000004e2fa00000,0x0000004e2fb00000) (1024K)]
  0x000001bcbbae16b0 JavaThread "Execution worker"                  [_thread_blocked, id=22780, stack(0x0000004e2fb00000,0x0000004e2fc00000) (1024K)]
  0x000001bcbbae51c0 JavaThread "Execution worker Thread 2"         [_thread_blocked, id=12660, stack(0x0000004e35700000,0x0000004e35800000) (1024K)]
  0x000001bcbbae5850 JavaThread "Execution worker Thread 3"         [_thread_blocked, id=8748, stack(0x0000004e35b00000,0x0000004e35c00000) (1024K)]
  0x000001bcbbae9360 JavaThread "Execution worker Thread 4"         [_thread_blocked, id=15084, stack(0x0000004e35c00000,0x0000004e35d00000) (1024K)]
  0x000001bcbbae8640 JavaThread "Execution worker Thread 5"         [_thread_blocked, id=20660, stack(0x0000004e35d00000,0x0000004e35e00000) (1024K)]
  0x000001bcbbae8cd0 JavaThread "Execution worker Thread 6"         [_thread_blocked, id=21160, stack(0x0000004e35e00000,0x0000004e35f00000) (1024K)]
  0x000001bcbbae7920 JavaThread "Execution worker Thread 7"         [_thread_blocked, id=9348, stack(0x0000004e35f00000,0x0000004e36000000) (1024K)]
  0x000001bcbbae5ee0 JavaThread "Cache worker for execution history cache (C:\Users\USER\AndroidStudioProjects\Newconstructionappwithlocationtracking\.gradle\8.13\executionHistory)"        [_thread_blocked, id=25688, stack(0x0000004e36000000,0x0000004e36100000) (1024K)]
  0x000001bcbbae99f0 JavaThread "Unconstrained build operations Thread 34"        [_thread_blocked, id=13144, stack(0x0000004e2f900000,0x0000004e2fa00000) (1024K)]
  0x000001bcbbae7290 JavaThread "Unconstrained build operations Thread 35"        [_thread_blocked, id=4240, stack(0x0000004e36100000,0x0000004e36200000) (1024K)]
  0x000001bcbbae7fb0 JavaThread "Unconstrained build operations Thread 36"        [_thread_blocked, id=13476, stack(0x0000004e36200000,0x0000004e36300000) (1024K)]
  0x000001bcbbae6570 JavaThread "Unconstrained build operations Thread 37"        [_thread_blocked, id=5480, stack(0x0000004e36300000,0x0000004e36400000) (1024K)]
  0x000001bcbbaea080 JavaThread "Unconstrained build operations Thread 38"        [_thread_blocked, id=18004, stack(0x0000004e36400000,0x0000004e36500000) (1024K)]
  0x000001bcbbae6c00 JavaThread "Unconstrained build operations Thread 39"        [_thread_blocked, id=20100, stack(0x0000004e36500000,0x0000004e36600000) (1024K)]
  0x000001bcbbaece70 JavaThread "Unconstrained build operations Thread 40"        [_thread_blocked, id=2744, stack(0x0000004e36600000,0x0000004e36700000) (1024K)]
  0x000001bcbbaedb90 JavaThread "Unconstrained build operations Thread 41"        [_thread_blocked, id=23144, stack(0x0000004e36700000,0x0000004e36800000) (1024K)]
  0x000001bcbbaec150 JavaThread "Unconstrained build operations Thread 42"        [_thread_blocked, id=17232, stack(0x0000004e36800000,0x0000004e36900000) (1024K)]
  0x000001bcbbaea710 JavaThread "Unconstrained build operations Thread 43"        [_thread_blocked, id=23196, stack(0x0000004e36900000,0x0000004e36a00000) (1024K)]
  0x000001bcbbaee220 JavaThread "Unconstrained build operations Thread 44"        [_thread_blocked, id=5304, stack(0x0000004e36a00000,0x0000004e36b00000) (1024K)]
  0x000001bcbbaeada0 JavaThread "Unconstrained build operations Thread 45"        [_thread_blocked, id=3872, stack(0x0000004e36b00000,0x0000004e36c00000) (1024K)]
  0x000001bcbbaee8b0 JavaThread "Unconstrained build operations Thread 46"        [_thread_blocked, id=26168, stack(0x0000004e36c00000,0x0000004e36d00000) (1024K)]
  0x000001bcbbaeef40 JavaThread "Unconstrained build operations Thread 47"        [_thread_blocked, id=1400, stack(0x0000004e36d00000,0x0000004e36e00000) (1024K)]
  0x000001bcb0d40540 JavaThread "WorkerExecutor Queue"              [_thread_blocked, id=4472, stack(0x0000004e36f00000,0x0000004e37000000) (1024K)]
  0x000001bcb0d3eb00 JavaThread "Unconstrained build operations Thread 48"        [_thread_blocked, id=22348, stack(0x0000004e37000000,0x0000004e37100000) (1024K)]
  0x000001bcb0d44050 JavaThread "Unconstrained build operations Thread 49"        [_thread_blocked, id=10760, stack(0x0000004e37100000,0x0000004e37200000) (1024K)]
  0x000001bcb0d42ca0 JavaThread "Unconstrained build operations Thread 50"        [_thread_blocked, id=10916, stack(0x0000004e37200000,0x0000004e37300000) (1024K)]
  0x000001bcbc146c10 JavaThread "Unconstrained build operations Thread 51"        [_thread_blocked, id=19564, stack(0x0000004e37300000,0x0000004e37400000) (1024K)]
  0x000001bcbc146580 JavaThread "Unconstrained build operations Thread 52"        [_thread_blocked, id=9700, stack(0x0000004e37400000,0x0000004e37500000) (1024K)]
  0x000001bcbc1472a0 JavaThread "Unconstrained build operations Thread 53"        [_thread_blocked, id=13452, stack(0x0000004e37500000,0x0000004e37600000) (1024K)]
  0x000001bcbc1444b0 JavaThread "Unconstrained build operations Thread 54"        [_thread_blocked, id=25200, stack(0x0000004e37600000,0x0000004e37700000) (1024K)]
  0x000001bcbc147fc0 JavaThread "Unconstrained build operations Thread 55"        [_thread_blocked, id=26520, stack(0x0000004e37700000,0x0000004e37800000) (1024K)]
  0x000001bcbc147930 JavaThread "Unconstrained build operations Thread 56"        [_thread_blocked, id=18676, stack(0x0000004e37800000,0x0000004e37900000) (1024K)]
  0x000001bcbc144b40 JavaThread "Unconstrained build operations Thread 57"        [_thread_blocked, id=24040, stack(0x0000004e37900000,0x0000004e37a00000) (1024K)]
  0x000001bcbc1451d0 JavaThread "Unconstrained build operations Thread 58"        [_thread_blocked, id=12924, stack(0x0000004e37a00000,0x0000004e37b00000) (1024K)]
  0x000001bcbc148650 JavaThread "Unconstrained build operations Thread 59"        [_thread_blocked, id=26156, stack(0x0000004e37b00000,0x0000004e37c00000) (1024K)]
  0x000001bcbc145860 JavaThread "Unconstrained build operations Thread 60"        [_thread_blocked, id=15380, stack(0x0000004e37c00000,0x0000004e37d00000) (1024K)]
  0x000001bcbc148ce0 JavaThread "Unconstrained build operations Thread 61"        [_thread_blocked, id=24792, stack(0x0000004e37d00000,0x0000004e37e00000) (1024K)]
  0x000001bcbcd3c2f0 JavaThread "C2 CompilerThread1"         daemon [_thread_blocked, id=5852, stack(0x0000004e36e00000,0x0000004e36f00000) (1024K)]
Total: 115

Other Threads:
  0x000001bca7f84ff0 VMThread "VM Thread"                           [id=14244, stack(0x0000004e30300000,0x0000004e30400000) (1024K)]
  0x000001bca7f412a0 WatcherThread "VM Periodic Task Thread"        [id=21144, stack(0x0000004e30200000,0x0000004e30300000) (1024K)]
  0x000001bc90923200 WorkerThread "GC Thread#0"                     [id=6736, stack(0x0000004e2fd00000,0x0000004e2fe00000) (1024K)]
  0x000001bca86d00a0 WorkerThread "GC Thread#1"                     [id=21424, stack(0x0000004e30e00000,0x0000004e30f00000) (1024K)]
  0x000001bca86d0440 WorkerThread "GC Thread#2"                     [id=27216, stack(0x0000004e30f00000,0x0000004e31000000) (1024K)]
  0x000001bca8852770 WorkerThread "GC Thread#3"                     [id=4024, stack(0x0000004e31000000,0x0000004e31100000) (1024K)]
  0x000001bcad395020 WorkerThread "GC Thread#4"                     [id=22188, stack(0x0000004e31200000,0x0000004e31300000) (1024K)]
  0x000001bcadd3b680 WorkerThread "GC Thread#5"                     [id=20456, stack(0x0000004e31c00000,0x0000004e31d00000) (1024K)]
  0x000001bcadd3ba20 WorkerThread "GC Thread#6"                     [id=26756, stack(0x0000004e31d00000,0x0000004e31e00000) (1024K)]
  0x000001bcadd3bdc0 WorkerThread "GC Thread#7"                     [id=10224, stack(0x0000004e31e00000,0x0000004e31f00000) (1024K)]
  0x000001bc909356d0 ConcurrentGCThread "G1 Main Marker"            [id=8060, stack(0x0000004e2fe00000,0x0000004e2ff00000) (1024K)]
  0x000001bc909360e0 WorkerThread "G1 Conc#0"                       [id=27492, stack(0x0000004e2ff00000,0x0000004e30000000) (1024K)]
  0x000001bcae29b4d0 WorkerThread "G1 Conc#1"                       [id=11792, stack(0x0000004e31f00000,0x0000004e32000000) (1024K)]
  0x000001bca7e15580 ConcurrentGCThread "G1 Refine#0"               [id=17016, stack(0x0000004e30000000,0x0000004e30100000) (1024K)]
  0x000001bca7e15da0 ConcurrentGCThread "G1 Service"                [id=27572, stack(0x0000004e30100000,0x0000004e30200000) (1024K)]
Total: 15

Threads with active compile tasks:
C2 CompilerThread0  102741 22444   !   4       com.sun.org.apache.xerces.internal.parsers.AbstractSAXParser::startElement (318 bytes)
C2 CompilerThread1  102741 22449       4       com.sun.org.apache.xerces.internal.impl.XMLNSDocumentScannerImpl::scanStartElement (1031 bytes)
Total: 2

VM state: at safepoint (normal execution)

VM Mutex/Monitor currently owned by a thread:  ([mutex/lock_event])
[0x00007ffb42e4ede8] FreeList_lock - owner thread: 0x000001bca8852770
[0x00007ffb42e51468] Threads_lock - owner thread: 0x000001bca7f84ff0
[0x00007ffb42e51568] Heap_lock - owner thread: 0x000001bcbbae8cd0

Heap address: 0x0000000080000000, size: 2048 MB, Compressed Oops mode: 32-bit

CDS archive(s) not mapped
Compressed class space mapped at: 0x0000000100000000-0x0000000140000000, reserved size: 1073741824
Narrow klass base: 0x0000000000000000, Narrow klass shift: 3, Narrow klass range: 0x140000000

GC Precious Log:
 CardTable entry size: 512
 Card Set container configuration: InlinePtr #cards 5 size 8 Array Of Cards #cards 12 size 40 Howl #buckets 4 coarsen threshold 1843 Howl Bitmap #cards 512 size 80 coarsen threshold 460 Card regions per heap region 1 cards per card region 2048
 CPUs: 8 total, 8 available
 Memory: 8062M
 Large Page Support: Disabled
 NUMA Support: Disabled
 Compressed Oops: Enabled (32-bit)
 Heap Region Size: 1M
 Heap Min Capacity: 8M
 Heap Initial Capacity: 126M
 Heap Max Capacity: 2G
 Pre-touch: Disabled
 Parallel Workers: 8
 Concurrent Workers: 2
 Concurrent Refinement Workers: 8
 Periodic GC: Disabled

Heap:
 garbage-first heap   total 317440K, used 297893K [0x0000000080000000, 0x0000000100000000)
  region size 1024K, 117 young (119808K), 14 survivors (14336K)
 Metaspace       used 192397K, committed 195200K, reserved 1245184K
  class space    used 25141K, committed 26560K, reserved 1048576K

Heap Regions: E=young(eden), S=young(survivor), O=old, HS=humongous(starts), HC=humongous(continues), CS=collection set, F=free, TAMS=top-at-mark-start, PB=parsable bottom
|   0|0x0000000080000000, 0x0000000080100000, 0x0000000080100000|100%|HS|  |TAMS 0x0000000080000000| PB 0x0000000080000000| Complete 
|   1|0x0000000080100000, 0x0000000080200000, 0x0000000080200000|100%|HC|  |TAMS 0x0000000080100000| PB 0x0000000080100000| Complete 
|   2|0x0000000080200000, 0x0000000080300000, 0x0000000080300000|100%|HC|  |TAMS 0x0000000080200000| PB 0x0000000080200000| Complete 
|   3|0x0000000080300000, 0x0000000080400000, 0x0000000080400000|100%| O|  |TAMS 0x0000000080300000| PB 0x0000000080300000| Untracked 
|   4|0x0000000080400000, 0x0000000080500000, 0x0000000080500000|100%| O|  |TAMS 0x0000000080400000| PB 0x0000000080400000| Untracked 
|   5|0x0000000080500000, 0x0000000080600000, 0x0000000080600000|100%| O|  |TAMS 0x0000000080500000| PB 0x0000000080500000| Untracked 
|   6|0x0000000080600000, 0x0000000080700000, 0x0000000080700000|100%|HS|  |TAMS 0x0000000080600000| PB 0x0000000080600000| Complete 
|   7|0x0000000080700000, 0x0000000080800000, 0x0000000080800000|100%| O|  |TAMS 0x0000000080700000| PB 0x0000000080700000| Untracked 
|   8|0x0000000080800000, 0x0000000080900000, 0x0000000080900000|100%| O|  |TAMS 0x0000000080800000| PB 0x0000000080800000| Untracked 
|   9|0x0000000080900000, 0x0000000080a00000, 0x0000000080a00000|100%| O|  |TAMS 0x0000000080900000| PB 0x0000000080900000| Untracked 
|  10|0x0000000080a00000, 0x0000000080b00000, 0x0000000080b00000|100%| O|  |TAMS 0x0000000080a00000| PB 0x0000000080a00000| Untracked 
|  11|0x0000000080b00000, 0x0000000080c00000, 0x0000000080c00000|100%| O|  |TAMS 0x0000000080b00000| PB 0x0000000080b00000| Untracked 
|  12|0x0000000080c00000, 0x0000000080d00000, 0x0000000080d00000|100%| O|  |TAMS 0x0000000080c00000| PB 0x0000000080c00000| Untracked 
|  13|0x0000000080d00000, 0x0000000080e00000, 0x0000000080e00000|100%| O|  |TAMS 0x0000000080d00000| PB 0x0000000080d00000| Untracked 
|  14|0x0000000080e00000, 0x0000000080f00000, 0x0000000080f00000|100%| O|  |TAMS 0x0000000080e00000| PB 0x0000000080e00000| Untracked 
|  15|0x0000000080f00000, 0x0000000081000000, 0x0000000081000000|100%| O|  |TAMS 0x0000000080f00000| PB 0x0000000080f00000| Untracked 
|  16|0x0000000081000000, 0x0000000081100000, 0x0000000081100000|100%| O|  |TAMS 0x0000000081000000| PB 0x0000000081000000| Untracked 
|  17|0x0000000081100000, 0x0000000081200000, 0x0000000081200000|100%| O|  |TAMS 0x0000000081100000| PB 0x0000000081100000| Untracked 
|  18|0x0000000081200000, 0x0000000081300000, 0x0000000081300000|100%| O|  |TAMS 0x0000000081200000| PB 0x0000000081200000| Untracked 
|  19|0x0000000081300000, 0x0000000081400000, 0x0000000081400000|100%| O|  |TAMS 0x0000000081300000| PB 0x0000000081300000| Untracked 
|  20|0x0000000081400000, 0x0000000081500000, 0x0000000081500000|100%| O|  |TAMS 0x0000000081400000| PB 0x0000000081400000| Untracked 
|  21|0x0000000081500000, 0x0000000081600000, 0x0000000081600000|100%| O|  |TAMS 0x0000000081500000| PB 0x0000000081500000| Untracked 
|  22|0x0000000081600000, 0x0000000081700000, 0x0000000081700000|100%| O|  |TAMS 0x0000000081600000| PB 0x0000000081600000| Untracked 
|  23|0x0000000081700000, 0x0000000081800000, 0x0000000081800000|100%| O|  |TAMS 0x0000000081700000| PB 0x0000000081700000| Untracked 
|  24|0x0000000081800000, 0x0000000081900000, 0x0000000081900000|100%| O|  |TAMS 0x0000000081800000| PB 0x0000000081800000| Untracked 
|  25|0x0000000081900000, 0x0000000081a00000, 0x0000000081a00000|100%| O|  |TAMS 0x0000000081900000| PB 0x0000000081900000| Untracked 
|  26|0x0000000081a00000, 0x0000000081b00000, 0x0000000081b00000|100%| O|  |TAMS 0x0000000081a00000| PB 0x0000000081a00000| Untracked 
|  27|0x0000000081b00000, 0x0000000081c00000, 0x0000000081c00000|100%| O|  |TAMS 0x0000000081b00000| PB 0x0000000081b00000| Untracked 
|  28|0x0000000081c00000, 0x0000000081d00000, 0x0000000081d00000|100%| O|  |TAMS 0x0000000081c00000| PB 0x0000000081c00000| Untracked 
|  29|0x0000000081d00000, 0x0000000081e00000, 0x0000000081e00000|100%| O|  |TAMS 0x0000000081d00000| PB 0x0000000081d00000| Untracked 
|  30|0x0000000081e00000, 0x0000000081f00000, 0x0000000081f00000|100%| O|  |TAMS 0x0000000081e00000| PB 0x0000000081e00000| Untracked 
|  31|0x0000000081f00000, 0x0000000082000000, 0x0000000082000000|100%| O|  |TAMS 0x0000000081f00000| PB 0x0000000081f00000| Untracked 
|  32|0x0000000082000000, 0x0000000082100000, 0x0000000082100000|100%| O|  |TAMS 0x0000000082000000| PB 0x0000000082000000| Untracked 
|  33|0x0000000082100000, 0x0000000082200000, 0x0000000082200000|100%| O|  |TAMS 0x0000000082100000| PB 0x0000000082100000| Untracked 
|  34|0x0000000082200000, 0x0000000082300000, 0x0000000082300000|100%| O|  |TAMS 0x0000000082200000| PB 0x0000000082200000| Untracked 
|  35|0x0000000082300000, 0x0000000082400000, 0x0000000082400000|100%| O|  |TAMS 0x0000000082300000| PB 0x0000000082300000| Untracked 
|  36|0x0000000082400000, 0x0000000082500000, 0x0000000082500000|100%| O|  |TAMS 0x0000000082400000| PB 0x0000000082400000| Untracked 
|  37|0x0000000082500000, 0x0000000082600000, 0x0000000082600000|100%| O|  |TAMS 0x0000000082500000| PB 0x0000000082500000| Untracked 
|  38|0x0000000082600000, 0x0000000082700000, 0x0000000082700000|100%| O|  |TAMS 0x0000000082600000| PB 0x0000000082600000| Untracked 
|  39|0x0000000082700000, 0x0000000082800000, 0x0000000082800000|100%| O|  |TAMS 0x0000000082700000| PB 0x0000000082700000| Untracked 
|  40|0x0000000082800000, 0x0000000082900000, 0x0000000082900000|100%| O|  |TAMS 0x0000000082800000| PB 0x0000000082800000| Untracked 
|  41|0x0000000082900000, 0x0000000082a00000, 0x0000000082a00000|100%| O|  |TAMS 0x0000000082900000| PB 0x0000000082900000| Untracked 
|  42|0x0000000082a00000, 0x0000000082b00000, 0x0000000082b00000|100%| O|  |TAMS 0x0000000082a00000| PB 0x0000000082a00000| Untracked 
|  43|0x0000000082b00000, 0x0000000082c00000, 0x0000000082c00000|100%| O|  |TAMS 0x0000000082b00000| PB 0x0000000082b00000| Untracked 
|  44|0x0000000082c00000, 0x0000000082d00000, 0x0000000082d00000|100%| O|  |TAMS 0x0000000082c00000| PB 0x0000000082c00000| Untracked 
|  45|0x0000000082d00000, 0x0000000082e00000, 0x0000000082e00000|100%| O|  |TAMS 0x0000000082d00000| PB 0x0000000082d00000| Untracked 
|  46|0x0000000082e00000, 0x0000000082f00000, 0x0000000082f00000|100%| O|  |TAMS 0x0000000082e00000| PB 0x0000000082e00000| Untracked 
|  47|0x0000000082f00000, 0x0000000083000000, 0x0000000083000000|100%| O|  |TAMS 0x0000000082f00000| PB 0x0000000082f00000| Untracked 
|  48|0x0000000083000000, 0x0000000083100000, 0x0000000083100000|100%| O|  |TAMS 0x0000000083000000| PB 0x0000000083000000| Untracked 
|  49|0x0000000083100000, 0x0000000083200000, 0x0000000083200000|100%| O|  |TAMS 0x0000000083100000| PB 0x0000000083100000| Untracked 
|  50|0x0000000083200000, 0x0000000083300000, 0x0000000083300000|100%| O|  |TAMS 0x0000000083200000| PB 0x0000000083200000| Untracked 
|  51|0x0000000083300000, 0x0000000083400000, 0x0000000083400000|100%| O|  |TAMS 0x0000000083300000| PB 0x0000000083300000| Untracked 
|  52|0x0000000083400000, 0x0000000083500000, 0x0000000083500000|100%| O|  |TAMS 0x0000000083400000| PB 0x0000000083400000| Untracked 
|  53|0x0000000083500000, 0x0000000083600000, 0x0000000083600000|100%| O|  |TAMS 0x0000000083500000| PB 0x0000000083500000| Untracked 
|  54|0x0000000083600000, 0x0000000083700000, 0x0000000083700000|100%| O|  |TAMS 0x0000000083600000| PB 0x0000000083600000| Untracked 
|  55|0x0000000083700000, 0x0000000083800000, 0x0000000083800000|100%| O|  |TAMS 0x0000000083700000| PB 0x0000000083700000| Untracked 
|  56|0x0000000083800000, 0x0000000083900000, 0x0000000083900000|100%| O|Cm|TAMS 0x0000000083800000| PB 0x0000000083800000| Complete 
|  57|0x0000000083900000, 0x0000000083a00000, 0x0000000083a00000|100%|HS|  |TAMS 0x0000000083900000| PB 0x0000000083900000| Complete 
|  58|0x0000000083a00000, 0x0000000083b00000, 0x0000000083b00000|100%|HS|  |TAMS 0x0000000083a00000| PB 0x0000000083a00000| Complete 
|  59|0x0000000083b00000, 0x0000000083c00000, 0x0000000083c00000|100%| O|  |TAMS 0x0000000083b00000| PB 0x0000000083b00000| Untracked 
|  60|0x0000000083c00000, 0x0000000083d00000, 0x0000000083d00000|100%| O|  |TAMS 0x0000000083c00000| PB 0x0000000083c00000| Untracked 
|  61|0x0000000083d00000, 0x0000000083e00000, 0x0000000083e00000|100%| O|  |TAMS 0x0000000083d00000| PB 0x0000000083d00000| Untracked 
|  62|0x0000000083e00000, 0x0000000083f00000, 0x0000000083f00000|100%| O|  |TAMS 0x0000000083e00000| PB 0x0000000083e00000| Untracked 
|  63|0x0000000083f00000, 0x0000000084000000, 0x0000000084000000|100%| O|  |TAMS 0x0000000083f00000| PB 0x0000000083f00000| Untracked 
|  64|0x0000000084000000, 0x0000000084100000, 0x0000000084100000|100%| O|  |TAMS 0x0000000084000000| PB 0x0000000084000000| Untracked 
|  65|0x0000000084100000, 0x0000000084200000, 0x0000000084200000|100%| O|  |TAMS 0x0000000084100000| PB 0x0000000084100000| Untracked 
|  66|0x0000000084200000, 0x0000000084300000, 0x0000000084300000|100%| O|  |TAMS 0x0000000084200000| PB 0x0000000084200000| Untracked 
|  67|0x0000000084300000, 0x0000000084400000, 0x0000000084400000|100%| O|  |TAMS 0x0000000084300000| PB 0x0000000084300000| Untracked 
|  68|0x0000000084400000, 0x0000000084500000, 0x0000000084500000|100%| O|  |TAMS 0x0000000084400000| PB 0x0000000084400000| Untracked 
|  69|0x0000000084500000, 0x0000000084600000, 0x0000000084600000|100%| O|  |TAMS 0x0000000084500000| PB 0x0000000084500000| Untracked 
|  70|0x0000000084600000, 0x0000000084700000, 0x0000000084700000|100%| O|  |TAMS 0x0000000084600000| PB 0x0000000084600000| Untracked 
|  71|0x0000000084700000, 0x0000000084800000, 0x0000000084800000|100%| O|  |TAMS 0x0000000084700000| PB 0x0000000084700000| Untracked 
|  72|0x0000000084800000, 0x0000000084900000, 0x0000000084900000|100%| O|  |TAMS 0x0000000084800000| PB 0x0000000084800000| Untracked 
|  73|0x0000000084900000, 0x0000000084a00000, 0x0000000084a00000|100%| O|  |TAMS 0x0000000084900000| PB 0x0000000084900000| Untracked 
|  74|0x0000000084a00000, 0x0000000084b00000, 0x0000000084b00000|100%| O|  |TAMS 0x0000000084a00000| PB 0x0000000084a00000| Untracked 
|  75|0x0000000084b00000, 0x0000000084c00000, 0x0000000084c00000|100%| O|  |TAMS 0x0000000084b00000| PB 0x0000000084b00000| Untracked 
|  76|0x0000000084c00000, 0x0000000084d00000, 0x0000000084d00000|100%| O|  |TAMS 0x0000000084c00000| PB 0x0000000084c00000| Untracked 
|  77|0x0000000084d00000, 0x0000000084e00000, 0x0000000084e00000|100%| O|  |TAMS 0x0000000084d00000| PB 0x0000000084d00000| Untracked 
|  78|0x0000000084e00000, 0x0000000084f00000, 0x0000000084f00000|100%| O|  |TAMS 0x0000000084e00000| PB 0x0000000084e00000| Untracked 
|  79|0x0000000084f00000, 0x0000000085000000, 0x0000000085000000|100%| O|  |TAMS 0x0000000084f00000| PB 0x0000000084f00000| Untracked 
|  80|0x0000000085000000, 0x0000000085100000, 0x0000000085100000|100%| O|  |TAMS 0x0000000085000000| PB 0x0000000085000000| Untracked 
|  81|0x0000000085100000, 0x0000000085200000, 0x0000000085200000|100%| O|  |TAMS 0x0000000085100000| PB 0x0000000085100000| Untracked 
|  82|0x0000000085200000, 0x0000000085300000, 0x0000000085300000|100%| O|  |TAMS 0x0000000085200000| PB 0x0000000085200000| Untracked 
|  83|0x0000000085300000, 0x0000000085400000, 0x0000000085400000|100%| O|  |TAMS 0x0000000085300000| PB 0x0000000085300000| Untracked 
|  84|0x0000000085400000, 0x0000000085500000, 0x0000000085500000|100%| O|  |TAMS 0x0000000085400000| PB 0x0000000085400000| Untracked 
|  85|0x0000000085500000, 0x0000000085600000, 0x0000000085600000|100%| O|  |TAMS 0x0000000085500000| PB 0x0000000085500000| Untracked 
|  86|0x0000000085600000, 0x0000000085700000, 0x0000000085700000|100%| O|  |TAMS 0x0000000085600000| PB 0x0000000085600000| Untracked 
|  87|0x0000000085700000, 0x0000000085800000, 0x0000000085800000|100%| O|  |TAMS 0x0000000085700000| PB 0x0000000085700000| Untracked 
|  88|0x0000000085800000, 0x0000000085900000, 0x0000000085900000|100%| O|  |TAMS 0x0000000085800000| PB 0x0000000085800000| Untracked 
|  89|0x0000000085900000, 0x0000000085a00000, 0x0000000085a00000|100%| O|  |TAMS 0x0000000085900000| PB 0x0000000085900000| Untracked 
|  90|0x0000000085a00000, 0x0000000085b00000, 0x0000000085b00000|100%| O|  |TAMS 0x0000000085a00000| PB 0x0000000085a00000| Untracked 
|  91|0x0000000085b00000, 0x0000000085c00000, 0x0000000085c00000|100%| O|  |TAMS 0x0000000085b00000| PB 0x0000000085b00000| Untracked 
|  92|0x0000000085c00000, 0x0000000085d00000, 0x0000000085d00000|100%| O|  |TAMS 0x0000000085c00000| PB 0x0000000085c00000| Untracked 
|  93|0x0000000085d00000, 0x0000000085e00000, 0x0000000085e00000|100%| O|  |TAMS 0x0000000085d00000| PB 0x0000000085d00000| Untracked 
|  94|0x0000000085e00000, 0x0000000085f00000, 0x0000000085f00000|100%| O|  |TAMS 0x0000000085e00000| PB 0x0000000085e00000| Untracked 
|  95|0x0000000085f00000, 0x0000000086000000, 0x0000000086000000|100%| O|  |TAMS 0x0000000085f00000| PB 0x0000000085f00000| Untracked 
|  96|0x0000000086000000, 0x0000000086100000, 0x0000000086100000|100%|HS|  |TAMS 0x0000000086000000| PB 0x0000000086000000| Complete 
|  97|0x0000000086100000, 0x0000000086200000, 0x0000000086200000|100%|HS|  |TAMS 0x0000000086100000| PB 0x0000000086100000| Complete 
|  98|0x0000000086200000, 0x0000000086300000, 0x0000000086300000|100%|HC|  |TAMS 0x0000000086200000| PB 0x0000000086200000| Complete 
|  99|0x0000000086300000, 0x0000000086400000, 0x0000000086400000|100%|HS|  |TAMS 0x0000000086300000| PB 0x0000000086300000| Complete 
| 100|0x0000000086400000, 0x0000000086500000, 0x0000000086500000|100%|HC|  |TAMS 0x0000000086400000| PB 0x0000000086400000| Complete 
| 101|0x0000000086500000, 0x0000000086600000, 0x0000000086600000|100%|HC|  |TAMS 0x0000000086500000| PB 0x0000000086500000| Complete 
| 102|0x0000000086600000, 0x0000000086700000, 0x0000000086700000|100%|HS|  |TAMS 0x0000000086600000| PB 0x0000000086600000| Complete 
| 103|0x0000000086700000, 0x0000000086800000, 0x0000000086800000|100%| O|  |TAMS 0x0000000086700000| PB 0x0000000086700000| Untracked 
| 104|0x0000000086800000, 0x0000000086900000, 0x0000000086900000|100%| O|  |TAMS 0x0000000086800000| PB 0x0000000086800000| Untracked 
| 105|0x0000000086900000, 0x0000000086a00000, 0x0000000086a00000|100%| O|  |TAMS 0x0000000086900000| PB 0x0000000086900000| Untracked 
| 106|0x0000000086a00000, 0x0000000086b00000, 0x0000000086b00000|100%| O|  |TAMS 0x0000000086a00000| PB 0x0000000086a00000| Untracked 
| 107|0x0000000086b00000, 0x0000000086c00000, 0x0000000086c00000|100%| O|  |TAMS 0x0000000086b00000| PB 0x0000000086b00000| Untracked 
| 108|0x0000000086c00000, 0x0000000086d00000, 0x0000000086d00000|100%| O|  |TAMS 0x0000000086c00000| PB 0x0000000086c00000| Untracked 
| 109|0x0000000086d00000, 0x0000000086e00000, 0x0000000086e00000|100%| O|  |TAMS 0x0000000086d00000| PB 0x0000000086d00000| Untracked 
| 110|0x0000000086e00000, 0x0000000086f00000, 0x0000000086f00000|100%| O|  |TAMS 0x0000000086e00000| PB 0x0000000086e00000| Untracked 
| 111|0x0000000086f00000, 0x0000000087000000, 0x0000000087000000|100%| O|  |TAMS 0x0000000086f00000| PB 0x0000000086f00000| Untracked 
| 112|0x0000000087000000, 0x0000000087100000, 0x0000000087100000|100%| O|  |TAMS 0x0000000087000000| PB 0x0000000087000000| Untracked 
| 113|0x0000000087100000, 0x0000000087200000, 0x0000000087200000|100%| O|  |TAMS 0x0000000087100000| PB 0x0000000087100000| Untracked 
| 114|0x0000000087200000, 0x0000000087300000, 0x0000000087300000|100%| O|  |TAMS 0x0000000087200000| PB 0x0000000087200000| Untracked 
| 115|0x0000000087300000, 0x0000000087400000, 0x0000000087400000|100%| O|  |TAMS 0x0000000087300000| PB 0x0000000087300000| Untracked 
| 116|0x0000000087400000, 0x0000000087500000, 0x0000000087500000|100%| O|  |TAMS 0x0000000087400000| PB 0x0000000087400000| Untracked 
| 117|0x0000000087500000, 0x0000000087600000, 0x0000000087600000|100%| O|  |TAMS 0x0000000087500000| PB 0x0000000087500000| Untracked 
| 118|0x0000000087600000, 0x0000000087700000, 0x0000000087700000|100%| O|  |TAMS 0x0000000087600000| PB 0x0000000087600000| Untracked 
| 119|0x0000000087700000, 0x0000000087800000, 0x0000000087800000|100%| O|  |TAMS 0x0000000087700000| PB 0x0000000087700000| Untracked 
| 120|0x0000000087800000, 0x0000000087900000, 0x0000000087900000|100%|HS|  |TAMS 0x0000000087800000| PB 0x0000000087800000| Complete 
| 121|0x0000000087900000, 0x0000000087a00000, 0x0000000087a00000|100%|HC|  |TAMS 0x0000000087900000| PB 0x0000000087900000| Complete 
| 122|0x0000000087a00000, 0x0000000087b00000, 0x0000000087b00000|100%|HS|  |TAMS 0x0000000087a00000| PB 0x0000000087a00000| Complete 
| 123|0x0000000087b00000, 0x0000000087c00000, 0x0000000087c00000|100%| O|  |TAMS 0x0000000087b00000| PB 0x0000000087b00000| Untracked 
| 124|0x0000000087c00000, 0x0000000087d00000, 0x0000000087d00000|100%|HS|  |TAMS 0x0000000087c00000| PB 0x0000000087c00000| Complete 
| 125|0x0000000087d00000, 0x0000000087e00000, 0x0000000087e00000|100%|HS|  |TAMS 0x0000000087d00000| PB 0x0000000087d00000| Complete 
| 126|0x0000000087e00000, 0x0000000087f00000, 0x0000000087f00000|100%|HS|  |TAMS 0x0000000087e00000| PB 0x0000000087e00000| Complete 
| 127|0x0000000087f00000, 0x0000000088000000, 0x0000000088000000|100%| O|  |TAMS 0x0000000087f00000| PB 0x0000000087f00000| Untracked 
| 128|0x0000000088000000, 0x0000000088100000, 0x0000000088100000|100%| O|  |TAMS 0x0000000088000000| PB 0x0000000088000000| Untracked 
| 129|0x0000000088100000, 0x0000000088200000, 0x0000000088200000|100%| O|  |TAMS 0x0000000088100000| PB 0x0000000088100000| Untracked 
| 130|0x0000000088200000, 0x0000000088300000, 0x0000000088300000|100%|HS|  |TAMS 0x0000000088200000| PB 0x0000000088200000| Complete 
| 131|0x0000000088300000, 0x0000000088400000, 0x0000000088400000|100%| O|  |TAMS 0x0000000088300000| PB 0x0000000088300000| Untracked 
| 132|0x0000000088400000, 0x0000000088500000, 0x0000000088500000|100%|HS|  |TAMS 0x0000000088400000| PB 0x0000000088400000| Complete 
| 133|0x0000000088500000, 0x0000000088600000, 0x0000000088600000|100%|HC|  |TAMS 0x0000000088500000| PB 0x0000000088500000| Complete 
| 134|0x0000000088600000, 0x0000000088700000, 0x0000000088700000|100%|HC|  |TAMS 0x0000000088600000| PB 0x0000000088600000| Complete 
| 135|0x0000000088700000, 0x0000000088800000, 0x0000000088800000|100%| O|  |TAMS 0x0000000088700000| PB 0x0000000088700000| Untracked 
| 136|0x0000000088800000, 0x0000000088900000, 0x0000000088900000|100%| O|  |TAMS 0x0000000088800000| PB 0x0000000088800000| Untracked 
| 137|0x0000000088900000, 0x0000000088a00000, 0x0000000088a00000|100%| O|  |TAMS 0x0000000088900000| PB 0x0000000088900000| Untracked 
| 138|0x0000000088a00000, 0x0000000088b00000, 0x0000000088b00000|100%| O|  |TAMS 0x0000000088a00000| PB 0x0000000088a00000| Untracked 
| 139|0x0000000088b00000, 0x0000000088c00000, 0x0000000088c00000|100%| O|  |TAMS 0x0000000088b00000| PB 0x0000000088b00000| Untracked 
| 140|0x0000000088c00000, 0x0000000088d00000, 0x0000000088d00000|100%| O|  |TAMS 0x0000000088c00000| PB 0x0000000088c00000| Untracked 
| 141|0x0000000088d00000, 0x0000000088e00000, 0x0000000088e00000|100%| O|  |TAMS 0x0000000088d00000| PB 0x0000000088d00000| Untracked 
| 142|0x0000000088e00000, 0x0000000088f00000, 0x0000000088f00000|100%| O|  |TAMS 0x0000000088e00000| PB 0x0000000088e00000| Untracked 
| 143|0x0000000088f00000, 0x0000000089000000, 0x0000000089000000|100%| O|  |TAMS 0x0000000088f00000| PB 0x0000000088f00000| Untracked 
| 144|0x0000000089000000, 0x0000000089100000, 0x0000000089100000|100%| O|  |TAMS 0x0000000089000000| PB 0x0000000089000000| Untracked 
| 145|0x0000000089100000, 0x0000000089200000, 0x0000000089200000|100%| O|  |TAMS 0x0000000089100000| PB 0x0000000089100000| Untracked 
| 146|0x0000000089200000, 0x0000000089300000, 0x0000000089300000|100%|HS|  |TAMS 0x0000000089200000| PB 0x0000000089200000| Complete 
| 147|0x0000000089300000, 0x0000000089400000, 0x0000000089400000|100%| O|Cm|TAMS 0x0000000089300000| PB 0x0000000089300000| Complete 
| 148|0x0000000089400000, 0x0000000089500000, 0x0000000089500000|100%|HS|  |TAMS 0x0000000089400000| PB 0x0000000089400000| Complete 
| 149|0x0000000089500000, 0x0000000089600000, 0x0000000089600000|100%| O|  |TAMS 0x0000000089500000| PB 0x0000000089500000| Untracked 
| 150|0x0000000089600000, 0x0000000089700000, 0x0000000089700000|100%| O|  |TAMS 0x0000000089600000| PB 0x0000000089600000| Untracked 
| 151|0x0000000089700000, 0x0000000089800000, 0x0000000089800000|100%| O|Cm|TAMS 0x0000000089700000| PB 0x0000000089700000| Complete 
| 152|0x0000000089800000, 0x0000000089900000, 0x0000000089900000|100%| O|  |TAMS 0x0000000089800000| PB 0x0000000089800000| Untracked 
| 153|0x0000000089900000, 0x0000000089a00000, 0x0000000089a00000|100%| O|Cm|TAMS 0x0000000089900000| PB 0x0000000089900000| Complete 
| 154|0x0000000089a00000, 0x0000000089b00000, 0x0000000089b00000|100%| O|Cm|TAMS 0x0000000089a00000| PB 0x0000000089a00000| Complete 
| 155|0x0000000089b00000, 0x0000000089c00000, 0x0000000089c00000|100%| O|  |TAMS 0x0000000089b00000| PB 0x0000000089b00000| Untracked 
| 156|0x0000000089c00000, 0x0000000089d00000, 0x0000000089d00000|100%| O|  |TAMS 0x0000000089c00000| PB 0x0000000089c00000| Untracked 
| 157|0x0000000089d00000, 0x0000000089e00000, 0x0000000089e00000|100%| O|  |TAMS 0x0000000089d00000| PB 0x0000000089d00000| Untracked 
| 158|0x0000000089e00000, 0x0000000089f00000, 0x0000000089f00000|100%| O|Cm|TAMS 0x0000000089e00000| PB 0x0000000089e00000| Complete 
| 159|0x0000000089f00000, 0x000000008a000000, 0x000000008a000000|100%|HS|  |TAMS 0x0000000089f00000| PB 0x0000000089f00000| Complete 
| 160|0x000000008a000000, 0x000000008a100000, 0x000000008a100000|100%|HC|  |TAMS 0x000000008a000000| PB 0x000000008a000000| Complete 
| 161|0x000000008a100000, 0x000000008a200000, 0x000000008a200000|100%|HC|  |TAMS 0x000000008a100000| PB 0x000000008a100000| Complete 
| 162|0x000000008a200000, 0x000000008a300000, 0x000000008a300000|100%| O|  |TAMS 0x000000008a200000| PB 0x000000008a200000| Untracked 
| 163|0x000000008a300000, 0x000000008a400000, 0x000000008a400000|100%| O|  |TAMS 0x000000008a300000| PB 0x000000008a300000| Untracked 
| 164|0x000000008a400000, 0x000000008a500000, 0x000000008a500000|100%| O|  |TAMS 0x000000008a400000| PB 0x000000008a400000| Untracked 
| 165|0x000000008a500000, 0x000000008a600000, 0x000000008a600000|100%| O|  |TAMS 0x000000008a500000| PB 0x000000008a500000| Untracked 
| 166|0x000000008a600000, 0x000000008a700000, 0x000000008a700000|100%| O|  |TAMS 0x000000008a600000| PB 0x000000008a600000| Untracked 
| 167|0x000000008a700000, 0x000000008a800000, 0x000000008a800000|100%| O|  |TAMS 0x000000008a700000| PB 0x000000008a700000| Untracked 
| 168|0x000000008a800000, 0x000000008a900000, 0x000000008a900000|100%| O|  |TAMS 0x000000008a800000| PB 0x000000008a800000| Untracked 
| 169|0x000000008a900000, 0x000000008aa00000, 0x000000008aa00000|100%| O|  |TAMS 0x000000008a900000| PB 0x000000008a900000| Untracked 
| 170|0x000000008aa00000, 0x000000008ab00000, 0x000000008ab00000|100%| O|  |TAMS 0x000000008aa00000| PB 0x000000008aa00000| Untracked 
| 171|0x000000008ab00000, 0x000000008ac00000, 0x000000008ac00000|100%| O|  |TAMS 0x000000008ab00000| PB 0x000000008ab00000| Untracked 
| 172|0x000000008ac00000, 0x000000008ad00000, 0x000000008ad00000|100%| O|  |TAMS 0x000000008ac00000| PB 0x000000008ac00000| Untracked 
| 173|0x000000008ad00000, 0x000000008ae00000, 0x000000008ae00000|100%| O|  |TAMS 0x000000008ad00000| PB 0x000000008ad00000| Untracked 
| 174|0x000000008ae00000, 0x000000008af00000, 0x000000008af00000|100%| O|  |TAMS 0x000000008ae00000| PB 0x000000008ae00000| Untracked 
| 175|0x000000008af00000, 0x000000008b000000, 0x000000008b000000|100%| O|  |TAMS 0x000000008af00000| PB 0x000000008af00000| Untracked 
| 176|0x000000008b000000, 0x000000008b100000, 0x000000008b100000|100%| S|  |TAMS 0x000000008b000000| PB 0x000000008b000000| Complete 
| 177|0x000000008b100000, 0x000000008b200000, 0x000000008b200000|100%| O|  |TAMS 0x000000008b100000| PB 0x000000008b100000| Untracked 
| 178|0x000000008b200000, 0x000000008b300000, 0x000000008b300000|100%| O|  |TAMS 0x000000008b200000| PB 0x000000008b200000| Untracked 
| 179|0x000000008b300000, 0x000000008b400000, 0x000000008b400000|100%| O|  |TAMS 0x000000008b300000| PB 0x000000008b300000| Untracked 
| 180|0x000000008b400000, 0x000000008b500000, 0x000000008b500000|100%| O|  |TAMS 0x000000008b400000| PB 0x000000008b400000| Untracked 
| 181|0x000000008b500000, 0x000000008b600000, 0x000000008b600000|100%| O|  |TAMS 0x000000008b500000| PB 0x000000008b500000| Untracked 
| 182|0x000000008b600000, 0x000000008b700000, 0x000000008b700000|100%| O|Cm|TAMS 0x000000008b600000| PB 0x000000008b600000| Complete 
| 183|0x000000008b700000, 0x000000008b800000, 0x000000008b800000|100%| S|  |TAMS 0x000000008b700000| PB 0x000000008b700000| Complete 
| 184|0x000000008b800000, 0x000000008b900000, 0x000000008b900000|100%| S|  |TAMS 0x000000008b800000| PB 0x000000008b800000| Complete 
| 185|0x000000008b900000, 0x000000008ba00000, 0x000000008ba00000|100%| S|  |TAMS 0x000000008b900000| PB 0x000000008b900000| Complete 
| 186|0x000000008ba00000, 0x000000008bb00000, 0x000000008bb00000|100%| S|  |TAMS 0x000000008ba00000| PB 0x000000008ba00000| Complete 
| 187|0x000000008bb00000, 0x000000008bc00000, 0x000000008bc00000|100%| O|  |TAMS 0x000000008bb00000| PB 0x000000008bb00000| Untracked 
| 188|0x000000008bc00000, 0x000000008bd00000, 0x000000008bd00000|100%| S|  |TAMS 0x000000008bc00000| PB 0x000000008bc00000| Complete 
| 189|0x000000008bd00000, 0x000000008be00000, 0x000000008be00000|100%| S|  |TAMS 0x000000008bd00000| PB 0x000000008bd00000| Complete 
| 190|0x000000008be00000, 0x000000008bf00000, 0x000000008bf00000|100%| S|  |TAMS 0x000000008be00000| PB 0x000000008be00000| Complete 
| 191|0x000000008bf00000, 0x000000008c000000, 0x000000008c000000|100%| S|  |TAMS 0x000000008bf00000| PB 0x000000008bf00000| Complete 
| 192|0x000000008c000000, 0x000000008c100000, 0x000000008c100000|100%| S|  |TAMS 0x000000008c000000| PB 0x000000008c000000| Complete 
| 193|0x000000008c100000, 0x000000008c200000, 0x000000008c200000|100%| S|  |TAMS 0x000000008c100000| PB 0x000000008c100000| Complete 
| 194|0x000000008c200000, 0x000000008c300000, 0x000000008c300000|100%| S|  |TAMS 0x000000008c200000| PB 0x000000008c200000| Complete 
| 195|0x000000008c300000, 0x000000008c400000, 0x000000008c400000|100%| S|  |TAMS 0x000000008c300000| PB 0x000000008c300000| Complete 
| 196|0x000000008c400000, 0x000000008c500000, 0x000000008c500000|100%| S|  |TAMS 0x000000008c400000| PB 0x000000008c400000| Complete 
| 197|0x000000008c500000, 0x000000008c600000, 0x000000008c600000|100%| E|CS|TAMS 0x000000008c500000| PB 0x000000008c500000| Complete 
| 198|0x000000008c600000, 0x000000008c700000, 0x000000008c700000|100%| E|CS|TAMS 0x000000008c600000| PB 0x000000008c600000| Complete 
| 199|0x000000008c700000, 0x000000008c800000, 0x000000008c800000|100%| E|CS|TAMS 0x000000008c700000| PB 0x000000008c700000| Complete 
| 200|0x000000008c800000, 0x000000008c900000, 0x000000008c900000|100%| E|CS|TAMS 0x000000008c800000| PB 0x000000008c800000| Complete 
| 201|0x000000008c900000, 0x000000008ca00000, 0x000000008ca00000|100%| E|CS|TAMS 0x000000008c900000| PB 0x000000008c900000| Complete 
| 202|0x000000008ca00000, 0x000000008cb00000, 0x000000008cb00000|100%| E|CS|TAMS 0x000000008ca00000| PB 0x000000008ca00000| Complete 
| 203|0x000000008cb00000, 0x000000008cc00000, 0x000000008cc00000|100%| E|CS|TAMS 0x000000008cb00000| PB 0x000000008cb00000| Complete 
| 204|0x000000008cc00000, 0x000000008cd00000, 0x000000008cd00000|100%| E|CS|TAMS 0x000000008cc00000| PB 0x000000008cc00000| Complete 
| 205|0x000000008cd00000, 0x000000008ce00000, 0x000000008ce00000|100%| E|CS|TAMS 0x000000008cd00000| PB 0x000000008cd00000| Complete 
| 206|0x000000008ce00000, 0x000000008cf00000, 0x000000008cf00000|100%| E|CS|TAMS 0x000000008ce00000| PB 0x000000008ce00000| Complete 
| 207|0x000000008cf00000, 0x000000008d000000, 0x000000008d000000|100%| E|CS|TAMS 0x000000008cf00000| PB 0x000000008cf00000| Complete 
| 208|0x000000008d000000, 0x000000008d100000, 0x000000008d100000|100%| E|CS|TAMS 0x000000008d000000| PB 0x000000008d000000| Complete 
| 209|0x000000008d100000, 0x000000008d200000, 0x000000008d200000|100%| E|CS|TAMS 0x000000008d100000| PB 0x000000008d100000| Complete 
| 210|0x000000008d200000, 0x000000008d300000, 0x000000008d300000|100%| E|CS|TAMS 0x000000008d200000| PB 0x000000008d200000| Complete 
| 211|0x000000008d300000, 0x000000008d400000, 0x000000008d400000|100%| E|CS|TAMS 0x000000008d300000| PB 0x000000008d300000| Complete 
| 212|0x000000008d400000, 0x000000008d500000, 0x000000008d500000|100%| E|CS|TAMS 0x000000008d400000| PB 0x000000008d400000| Complete 
| 213|0x000000008d500000, 0x000000008d600000, 0x000000008d600000|100%| E|CS|TAMS 0x000000008d500000| PB 0x000000008d500000| Complete 
| 214|0x000000008d600000, 0x000000008d700000, 0x000000008d700000|100%| E|CS|TAMS 0x000000008d600000| PB 0x000000008d600000| Complete 
| 215|0x000000008d700000, 0x000000008d800000, 0x000000008d800000|100%| E|CS|TAMS 0x000000008d700000| PB 0x000000008d700000| Complete 
| 216|0x000000008d800000, 0x000000008d900000, 0x000000008d900000|100%| E|CS|TAMS 0x000000008d800000| PB 0x000000008d800000| Complete 
| 217|0x000000008d900000, 0x000000008da00000, 0x000000008da00000|100%| E|CS|TAMS 0x000000008d900000| PB 0x000000008d900000| Complete 
| 218|0x000000008da00000, 0x000000008db00000, 0x000000008db00000|100%| E|CS|TAMS 0x000000008da00000| PB 0x000000008da00000| Complete 
| 219|0x000000008db00000, 0x000000008dc00000, 0x000000008dc00000|100%| E|CS|TAMS 0x000000008db00000| PB 0x000000008db00000| Complete 
| 220|0x000000008dc00000, 0x000000008dd00000, 0x000000008dd00000|100%| E|CS|TAMS 0x000000008dc00000| PB 0x000000008dc00000| Complete 
| 221|0x000000008dd00000, 0x000000008de00000, 0x000000008de00000|100%| E|CS|TAMS 0x000000008dd00000| PB 0x000000008dd00000| Complete 
| 222|0x000000008de00000, 0x000000008df00000, 0x000000008df00000|100%| E|CS|TAMS 0x000000008de00000| PB 0x000000008de00000| Complete 
| 223|0x000000008df00000, 0x000000008e000000, 0x000000008e000000|100%| E|CS|TAMS 0x000000008df00000| PB 0x000000008df00000| Complete 
| 224|0x000000008e000000, 0x000000008e100000, 0x000000008e100000|100%| E|CS|TAMS 0x000000008e000000| PB 0x000000008e000000| Complete 
| 225|0x000000008e100000, 0x000000008e200000, 0x000000008e200000|100%| E|CS|TAMS 0x000000008e100000| PB 0x000000008e100000| Complete 
| 226|0x000000008e200000, 0x000000008e300000, 0x000000008e300000|100%| E|CS|TAMS 0x000000008e200000| PB 0x000000008e200000| Complete 
| 227|0x000000008e300000, 0x000000008e400000, 0x000000008e400000|100%| E|CS|TAMS 0x000000008e300000| PB 0x000000008e300000| Complete 
| 228|0x000000008e400000, 0x000000008e500000, 0x000000008e500000|100%| E|CS|TAMS 0x000000008e400000| PB 0x000000008e400000| Complete 
| 229|0x000000008e500000, 0x000000008e600000, 0x000000008e600000|100%| E|CS|TAMS 0x000000008e500000| PB 0x000000008e500000| Complete 
| 230|0x000000008e600000, 0x000000008e700000, 0x000000008e700000|100%| E|CS|TAMS 0x000000008e600000| PB 0x000000008e600000| Complete 
| 231|0x000000008e700000, 0x000000008e800000, 0x000000008e800000|100%| E|CS|TAMS 0x000000008e700000| PB 0x000000008e700000| Complete 
| 232|0x000000008e800000, 0x000000008e900000, 0x000000008e900000|100%| E|CS|TAMS 0x000000008e800000| PB 0x000000008e800000| Complete 
| 233|0x000000008e900000, 0x000000008ea00000, 0x000000008ea00000|100%| E|CS|TAMS 0x000000008e900000| PB 0x000000008e900000| Complete 
| 234|0x000000008ea00000, 0x000000008eb00000, 0x000000008eb00000|100%| E|CS|TAMS 0x000000008ea00000| PB 0x000000008ea00000| Complete 
| 235|0x000000008eb00000, 0x000000008ec00000, 0x000000008ec00000|100%| E|CS|TAMS 0x000000008eb00000| PB 0x000000008eb00000| Complete 
| 236|0x000000008ec00000, 0x000000008ed00000, 0x000000008ed00000|100%| E|CS|TAMS 0x000000008ec00000| PB 0x000000008ec00000| Complete 
| 237|0x000000008ed00000, 0x000000008ee00000, 0x000000008ee00000|100%| E|CS|TAMS 0x000000008ed00000| PB 0x000000008ed00000| Complete 
| 238|0x000000008ee00000, 0x000000008ef00000, 0x000000008ef00000|100%| E|CS|TAMS 0x000000008ee00000| PB 0x000000008ee00000| Complete 
| 239|0x000000008ef00000, 0x000000008f000000, 0x000000008f000000|100%| E|CS|TAMS 0x000000008ef00000| PB 0x000000008ef00000| Complete 
| 240|0x000000008f000000, 0x000000008f100000, 0x000000008f100000|100%| E|CS|TAMS 0x000000008f000000| PB 0x000000008f000000| Complete 
| 241|0x000000008f100000, 0x000000008f200000, 0x000000008f200000|100%| E|CS|TAMS 0x000000008f100000| PB 0x000000008f100000| Complete 
| 242|0x000000008f200000, 0x000000008f300000, 0x000000008f300000|100%| E|CS|TAMS 0x000000008f200000| PB 0x000000008f200000| Complete 
| 243|0x000000008f300000, 0x000000008f400000, 0x000000008f400000|100%| E|CS|TAMS 0x000000008f300000| PB 0x000000008f300000| Complete 
| 244|0x000000008f400000, 0x000000008f500000, 0x000000008f500000|100%| E|CS|TAMS 0x000000008f400000| PB 0x000000008f400000| Complete 
| 245|0x000000008f500000, 0x000000008f600000, 0x000000008f600000|100%| E|CS|TAMS 0x000000008f500000| PB 0x000000008f500000| Complete 
| 246|0x000000008f600000, 0x000000008f700000, 0x000000008f700000|100%| E|CS|TAMS 0x000000008f600000| PB 0x000000008f600000| Complete 
| 247|0x000000008f700000, 0x000000008f800000, 0x000000008f800000|100%| E|CS|TAMS 0x000000008f700000| PB 0x000000008f700000| Complete 
| 248|0x000000008f800000, 0x000000008f900000, 0x000000008f900000|100%| E|CS|TAMS 0x000000008f800000| PB 0x000000008f800000| Complete 
| 249|0x000000008f900000, 0x000000008fa00000, 0x000000008fa00000|100%| E|CS|TAMS 0x000000008f900000| PB 0x000000008f900000| Complete 
| 250|0x000000008fa00000, 0x000000008fb00000, 0x000000008fb00000|100%| E|CS|TAMS 0x000000008fa00000| PB 0x000000008fa00000| Complete 
| 251|0x000000008fb00000, 0x000000008fc00000, 0x000000008fc00000|100%| E|CS|TAMS 0x000000008fb00000| PB 0x000000008fb00000| Complete 
| 252|0x000000008fc00000, 0x000000008fd00000, 0x000000008fd00000|100%| E|CS|TAMS 0x000000008fc00000| PB 0x000000008fc00000| Complete 
| 253|0x000000008fd00000, 0x000000008fe00000, 0x000000008fe00000|100%| E|CS|TAMS 0x000000008fd00000| PB 0x000000008fd00000| Complete 
| 254|0x000000008fe00000, 0x000000008ff00000, 0x000000008ff00000|100%| E|CS|TAMS 0x000000008fe00000| PB 0x000000008fe00000| Complete 
| 255|0x000000008ff00000, 0x0000000090000000, 0x0000000090000000|100%| E|CS|TAMS 0x000000008ff00000| PB 0x000000008ff00000| Complete 
| 256|0x0000000090000000, 0x0000000090100000, 0x0000000090100000|100%| E|CS|TAMS 0x0000000090000000| PB 0x0000000090000000| Complete 
| 257|0x0000000090100000, 0x0000000090200000, 0x0000000090200000|100%| E|CS|TAMS 0x0000000090100000| PB 0x0000000090100000| Complete 
| 258|0x0000000090200000, 0x0000000090300000, 0x0000000090300000|100%| E|CS|TAMS 0x0000000090200000| PB 0x0000000090200000| Complete 
| 259|0x0000000090300000, 0x0000000090400000, 0x0000000090400000|100%| E|CS|TAMS 0x0000000090300000| PB 0x0000000090300000| Complete 
| 260|0x0000000090400000, 0x0000000090500000, 0x0000000090500000|100%| E|CS|TAMS 0x0000000090400000| PB 0x0000000090400000| Complete 
| 261|0x0000000090500000, 0x0000000090600000, 0x0000000090600000|100%| E|CS|TAMS 0x0000000090500000| PB 0x0000000090500000| Complete 
| 262|0x0000000090600000, 0x0000000090700000, 0x0000000090700000|100%| E|CS|TAMS 0x0000000090600000| PB 0x0000000090600000| Complete 
| 263|0x0000000090700000, 0x0000000090800000, 0x0000000090800000|100%| E|CS|TAMS 0x0000000090700000| PB 0x0000000090700000| Complete 
| 264|0x0000000090800000, 0x0000000090900000, 0x0000000090900000|100%| E|CS|TAMS 0x0000000090800000| PB 0x0000000090800000| Complete 
| 265|0x0000000090900000, 0x0000000090a00000, 0x0000000090a00000|100%| E|CS|TAMS 0x0000000090900000| PB 0x0000000090900000| Complete 
| 266|0x0000000090a00000, 0x0000000090b00000, 0x0000000090b00000|100%| E|CS|TAMS 0x0000000090a00000| PB 0x0000000090a00000| Complete 
| 267|0x0000000090b00000, 0x0000000090c00000, 0x0000000090c00000|100%| E|CS|TAMS 0x0000000090b00000| PB 0x0000000090b00000| Complete 
| 268|0x0000000090c00000, 0x0000000090d00000, 0x0000000090d00000|100%| E|CS|TAMS 0x0000000090c00000| PB 0x0000000090c00000| Complete 
| 269|0x0000000090d00000, 0x0000000090e00000, 0x0000000090e00000|100%| E|CS|TAMS 0x0000000090d00000| PB 0x0000000090d00000| Complete 
| 270|0x0000000090e00000, 0x0000000090f00000, 0x0000000090f00000|100%| E|CS|TAMS 0x0000000090e00000| PB 0x0000000090e00000| Complete 
| 271|0x0000000090f00000, 0x0000000091000000, 0x0000000091000000|100%| E|CS|TAMS 0x0000000090f00000| PB 0x0000000090f00000| Complete 
| 272|0x0000000091000000, 0x0000000091100000, 0x0000000091100000|100%| E|CS|TAMS 0x0000000091000000| PB 0x0000000091000000| Complete 
| 273|0x0000000091100000, 0x0000000091200000, 0x0000000091200000|100%| E|CS|TAMS 0x0000000091100000| PB 0x0000000091100000| Complete 
| 274|0x0000000091200000, 0x0000000091300000, 0x0000000091300000|100%| E|CS|TAMS 0x0000000091200000| PB 0x0000000091200000| Complete 
| 275|0x0000000091300000, 0x0000000091400000, 0x0000000091400000|100%| E|CS|TAMS 0x0000000091300000| PB 0x0000000091300000| Complete 
| 276|0x0000000091400000, 0x0000000091500000, 0x0000000091500000|100%| E|CS|TAMS 0x0000000091400000| PB 0x0000000091400000| Complete 
| 277|0x0000000091500000, 0x0000000091600000, 0x0000000091600000|100%| E|CS|TAMS 0x0000000091500000| PB 0x0000000091500000| Complete 
| 278|0x0000000091600000, 0x0000000091700000, 0x0000000091700000|100%| E|CS|TAMS 0x0000000091600000| PB 0x0000000091600000| Complete 
| 279|0x0000000091700000, 0x0000000091800000, 0x0000000091800000|100%| E|CS|TAMS 0x0000000091700000| PB 0x0000000091700000| Complete 
| 280|0x0000000091800000, 0x0000000091900000, 0x0000000091900000|100%| E|CS|TAMS 0x0000000091800000| PB 0x0000000091800000| Complete 
| 281|0x0000000091900000, 0x0000000091a00000, 0x0000000091a00000|100%| E|CS|TAMS 0x0000000091900000| PB 0x0000000091900000| Complete 
| 282|0x0000000091a00000, 0x0000000091b00000, 0x0000000091b00000|100%| E|CS|TAMS 0x0000000091a00000| PB 0x0000000091a00000| Complete 
| 283|0x0000000091b00000, 0x0000000091c00000, 0x0000000091c00000|100%| E|CS|TAMS 0x0000000091b00000| PB 0x0000000091b00000| Complete 
| 284|0x0000000091c00000, 0x0000000091d00000, 0x0000000091d00000|100%| E|CS|TAMS 0x0000000091c00000| PB 0x0000000091c00000| Complete 
| 285|0x0000000091d00000, 0x0000000091e00000, 0x0000000091e00000|100%| E|CS|TAMS 0x0000000091d00000| PB 0x0000000091d00000| Complete 
| 286|0x0000000091e00000, 0x0000000091f00000, 0x0000000091f00000|100%| E|CS|TAMS 0x0000000091e00000| PB 0x0000000091e00000| Complete 
| 287|0x0000000091f00000, 0x0000000092000000, 0x0000000092000000|100%| E|CS|TAMS 0x0000000091f00000| PB 0x0000000091f00000| Complete 
| 288|0x0000000092000000, 0x0000000092100000, 0x0000000092100000|100%| E|CS|TAMS 0x0000000092000000| PB 0x0000000092000000| Complete 
| 289|0x0000000092100000, 0x0000000092200000, 0x0000000092200000|100%| E|CS|TAMS 0x0000000092100000| PB 0x0000000092100000| Complete 
| 290|0x0000000092200000, 0x0000000092300000, 0x0000000092300000|100%| E|CS|TAMS 0x0000000092200000| PB 0x0000000092200000| Complete 
| 291|0x0000000092300000, 0x0000000092400000, 0x0000000092400000|100%| E|CS|TAMS 0x0000000092300000| PB 0x0000000092300000| Complete 
| 292|0x0000000092400000, 0x0000000092500000, 0x0000000092500000|100%| E|CS|TAMS 0x0000000092400000| PB 0x0000000092400000| Complete 
| 293|0x0000000092500000, 0x0000000092600000, 0x0000000092600000|100%| E|CS|TAMS 0x0000000092500000| PB 0x0000000092500000| Complete 
| 294|0x0000000092600000, 0x0000000092700000, 0x0000000092700000|100%| E|CS|TAMS 0x0000000092600000| PB 0x0000000092600000| Complete 
| 295|0x0000000092700000, 0x0000000092800000, 0x0000000092800000|100%| E|CS|TAMS 0x0000000092700000| PB 0x0000000092700000| Complete 
| 296|0x0000000092800000, 0x0000000092900000, 0x0000000092900000|100%| E|CS|TAMS 0x0000000092800000| PB 0x0000000092800000| Complete 
| 297|0x0000000092900000, 0x0000000092a00000, 0x0000000092a00000|100%| E|CS|TAMS 0x0000000092900000| PB 0x0000000092900000| Complete 
| 298|0x0000000092a00000, 0x0000000092b00000, 0x0000000092b00000|100%| E|CS|TAMS 0x0000000092a00000| PB 0x0000000092a00000| Complete 
| 299|0x0000000092b00000, 0x0000000092c00000, 0x0000000092c00000|100%| E|CS|TAMS 0x0000000092b00000| PB 0x0000000092b00000| Complete 
| 300|0x0000000092c00000, 0x0000000092d00000, 0x0000000092d00000|100%| E|CS|TAMS 0x0000000092c00000| PB 0x0000000092c00000| Complete 
| 301|0x0000000092d00000, 0x0000000092e00000, 0x0000000092e00000|100%| E|CS|TAMS 0x0000000092d00000| PB 0x0000000092d00000| Complete 
| 302|0x0000000092e00000, 0x0000000092f00000, 0x0000000092f00000|100%| E|CS|TAMS 0x0000000092e00000| PB 0x0000000092e00000| Complete 
| 303|0x0000000092f00000, 0x0000000093000000, 0x0000000093000000|100%| E|CS|TAMS 0x0000000092f00000| PB 0x0000000092f00000| Complete 
|2042|0x00000000ffa00000, 0x00000000ffb00000, 0x00000000ffb00000|100%| O|  |TAMS 0x00000000ffa00000| PB 0x00000000ffa00000| Untracked 
|2043|0x00000000ffb00000, 0x00000000ffc00000, 0x00000000ffc00000|100%| E|CS|TAMS 0x00000000ffb00000| PB 0x00000000ffb00000| Complete 
|2044|0x00000000ffc00000, 0x00000000ffd00000, 0x00000000ffd00000|100%| E|CS|TAMS 0x00000000ffc00000| PB 0x00000000ffc00000| Complete 
|2045|0x00000000ffd00000, 0x00000000ffe00000, 0x00000000ffe00000|100%| E|CS|TAMS 0x00000000ffd00000| PB 0x00000000ffd00000| Complete 
|2046|0x00000000ffe00000, 0x00000000fff00000, 0x00000000fff00000|100%| O|  |TAMS 0x00000000ffe00000| PB 0x00000000ffe00000| Untracked 
|2047|0x00000000fff00000, 0x0000000100000000, 0x0000000100000000|100%| O|  |TAMS 0x00000000fff00000| PB 0x00000000fff00000| Untracked 

Card table byte_map: [0x000001bca3150000,0x000001bca3550000] _byte_map_base: 0x000001bca2d50000

Marking Bits: (CMBitMap*) 0x000001bc90923810
 Bits: [0x000001bca3550000, 0x000001bca5550000)

Polling page: 0x000001bc8e8a0000

Metaspace:

Usage:
  Non-class:    163.34 MB used.
      Class:     24.55 MB used.
       Both:    187.89 MB used.

Virtual space:
  Non-class space:      192.00 MB reserved,     164.69 MB ( 86%) committed,  3 nodes.
      Class space:        1.00 GB reserved,      25.94 MB (  3%) committed,  1 nodes.
             Both:        1.19 GB reserved,     190.62 MB ( 16%) committed. 

Chunk freelists:
   Non-Class:  10.52 MB
       Class:  6.11 MB
        Both:  16.62 MB

MaxMetaspaceSize: unlimited
CompressedClassSpaceSize: 1.00 GB
Initial GC threshold: 21.00 MB
Current GC threshold: 315.25 MB
CDS: off
 - commit_granule_bytes: 65536.
 - commit_granule_words: 8192.
 - virtual_space_node_default_size: 8388608.
 - enlarge_chunks_in_place: 1.
 - use_allocation_guard: 0.


Internal statistics:

num_allocs_failed_limit: 6.
num_arena_births: 5444.
num_arena_deaths: 0.
num_vsnodes_births: 4.
num_vsnodes_deaths: 0.
num_space_committed: 3047.
num_space_uncommitted: 0.
num_chunks_returned_to_freelist: 6.
num_chunks_taken_from_freelist: 13164.
num_chunk_merges: 6.
num_chunk_splits: 9117.
num_chunks_enlarged: 6240.
num_inconsistent_stats: 0.

CodeHeap 'non-profiled nmethods': size=120000Kb used=12318Kb max_used=12318Kb free=107681Kb
 bounds [0x000001bc9b4f0000, 0x000001bc9c100000, 0x000001bca2a20000]
CodeHeap 'profiled nmethods': size=120000Kb used=39793Kb max_used=39793Kb free=80206Kb
 bounds [0x000001bc93a20000, 0x000001bc96100000, 0x000001bc9af50000]
CodeHeap 'non-nmethods': size=5760Kb used=3244Kb max_used=3328Kb free=2515Kb
 bounds [0x000001bc9af50000, 0x000001bc9b2b0000, 0x000001bc9b4f0000]
 total_blobs=19969 nmethods=18703 adapters=1168
 compilation: enabled
              stopped_count=0, restarted_count=0
 full_count=0

Compilation events (20 events):
Event: 101.387 Thread 0x000001bca8184570 22495       3       com.sun.org.apache.xerces.internal.dom.DocumentImpl::<init> (10 bytes)
Event: 101.387 Thread 0x000001bca8184570 nmethod 22495 0x000001bc960f6910 code [0x000001bc960f6ac0, 0x000001bc960f6c78]
Event: 101.387 Thread 0x000001bca8184570 22496       3       com.sun.org.apache.xerces.internal.dom.CoreDocumentImpl::<init> (6 bytes)
Event: 101.387 Thread 0x000001bca8184570 nmethod 22496 0x000001bc960f6d90 code [0x000001bc960f6f40, 0x000001bc960f7080]
Event: 101.387 Thread 0x000001bca8184570 22497       3       org.xml.sax.helpers.DefaultHandler::startDocument (1 bytes)
Event: 101.387 Thread 0x000001bca8184570 nmethod 22497 0x000001bc94de6790 code [0x000001bc94de6920, 0x000001bc94de6a28]
Event: 101.408 Thread 0x000001bca8184570 22499   !   3       com.android.utils.PositionXmlParser::parseInternal (120 bytes)
Event: 101.410 Thread 0x000001bca8184570 nmethod 22499 0x000001bc960f7110 code [0x000001bc960f7400, 0x000001bc960f8150]
Event: 101.532 Thread 0x000001bca8184570 22505       3       com.sun.org.apache.xerces.internal.impl.XMLScanner::scanComment (112 bytes)
Event: 101.534 Thread 0x000001bca8184570 nmethod 22505 0x000001bc960f8890 code [0x000001bc960f8b40, 0x000001bc960f9730]
Event: 101.534 Thread 0x000001bca8184570 22507       3       com.android.utils.PositionXmlParser$DomBuilder::comment (70 bytes)
Event: 101.535 Thread 0x000001bca8184570 nmethod 22507 0x000001bc960f9b10 code [0x000001bc960f9d60, 0x000001bc960fa5b8]
Event: 101.535 Thread 0x000001bca8184570 22506       3       com.sun.org.apache.xerces.internal.impl.XMLDocumentFragmentScannerImpl::scanComment (31 bytes)
Event: 101.536 Thread 0x000001bca8184570 nmethod 22506 0x000001bc960fa990 code [0x000001bc960fab40, 0x000001bc960fad90]
Event: 101.536 Thread 0x000001bca8184570 22508       3       com.sun.org.apache.xerces.internal.dom.ElementImpl::getAttribute (49 bytes)
Event: 101.537 Thread 0x000001bca8184570 nmethod 22508 0x000001bc960fae90 code [0x000001bc960fb0c0, 0x000001bc960fb9c0]
Event: 101.659 Thread 0x000001bca8184570 22513       3       com.sun.org.apache.xerces.internal.impl.XMLEntityScanner::invokeListeners (37 bytes)
Event: 101.659 Thread 0x000001bca8184570 nmethod 22513 0x000001bc960fbc10 code [0x000001bc960fbde0, 0x000001bc960fc2b0]
Event: 101.661 Thread 0x000001bca8184570 22514       3       com.sun.org.apache.xerces.internal.impl.XMLEntityScanner::load (200 bytes)
Event: 101.662 Thread 0x000001bca8184570 nmethod 22514 0x000001bc960fc410 code [0x000001bc960fc620, 0x000001bc960fcb38]

GC Heap History (20 events):
Event: 62.373 GC heap after
{Heap after GC invocations=67 (full 0):
 garbage-first heap   total 273408K, used 166237K [0x0000000080000000, 0x0000000100000000)
  region size 1024K, 9 young (9216K), 9 survivors (9216K)
 Metaspace       used 160746K, committed 163200K, reserved 1245184K
  class space    used 21008K, committed 22208K, reserved 1048576K
}
Event: 68.274 GC heap before
{Heap before GC invocations=67 (full 0):
 garbage-first heap   total 273408K, used 245085K [0x0000000080000000, 0x0000000100000000)
  region size 1024K, 86 young (88064K), 9 survivors (9216K)
 Metaspace       used 165052K, committed 167552K, reserved 1245184K
  class space    used 21298K, committed 22528K, reserved 1048576K
}
Event: 68.309 GC heap after
{Heap after GC invocations=68 (full 0):
 garbage-first heap   total 273408K, used 170351K [0x0000000080000000, 0x0000000100000000)
  region size 1024K, 11 young (11264K), 11 survivors (11264K)
 Metaspace       used 165052K, committed 167552K, reserved 1245184K
  class space    used 21298K, committed 22528K, reserved 1048576K
}
Event: 69.923 GC heap before
{Heap before GC invocations=68 (full 0):
 garbage-first heap   total 273408K, used 207215K [0x0000000080000000, 0x0000000100000000)
  region size 1024K, 48 young (49152K), 11 survivors (11264K)
 Metaspace       used 167954K, committed 170432K, reserved 1245184K
  class space    used 21707K, committed 22912K, reserved 1048576K
}
Event: 69.947 GC heap after
{Heap after GC invocations=69 (full 0):
 garbage-first heap   total 273408K, used 174137K [0x0000000080000000, 0x0000000100000000)
  region size 1024K, 3 young (3072K), 3 survivors (3072K)
 Metaspace       used 167954K, committed 170432K, reserved 1245184K
  class space    used 21707K, committed 22912K, reserved 1048576K
}
Event: 73.326 GC heap before
{Heap before GC invocations=70 (full 0):
 garbage-first heap   total 293888K, used 250937K [0x0000000080000000, 0x0000000100000000)
  region size 1024K, 77 young (78848K), 3 survivors (3072K)
 Metaspace       used 173830K, committed 176448K, reserved 1245184K
  class space    used 22699K, committed 24000K, reserved 1048576K
}
Event: 73.337 GC heap after
{Heap after GC invocations=71 (full 0):
 garbage-first heap   total 293888K, used 175640K [0x0000000080000000, 0x0000000100000000)
  region size 1024K, 5 young (5120K), 5 survivors (5120K)
 Metaspace       used 173830K, committed 176448K, reserved 1245184K
  class space    used 22699K, committed 24000K, reserved 1048576K
}
Event: 78.372 GC heap before
{Heap before GC invocations=71 (full 0):
 garbage-first heap   total 293888K, used 270872K [0x0000000080000000, 0x0000000100000000)
  region size 1024K, 98 young (100352K), 5 survivors (5120K)
 Metaspace       used 180816K, committed 183488K, reserved 1245184K
  class space    used 23772K, committed 25088K, reserved 1048576K
}
Event: 78.392 GC heap after
{Heap after GC invocations=72 (full 0):
 garbage-first heap   total 293888K, used 173016K [0x0000000080000000, 0x0000000100000000)
  region size 1024K, 9 young (9216K), 9 survivors (9216K)
 Metaspace       used 180816K, committed 183488K, reserved 1245184K
  class space    used 23772K, committed 25088K, reserved 1048576K
}
Event: 82.326 GC heap before
{Heap before GC invocations=72 (full 0):
 garbage-first heap   total 293888K, used 269272K [0x0000000080000000, 0x0000000100000000)
  region size 1024K, 103 young (105472K), 9 survivors (9216K)
 Metaspace       used 185223K, committed 187968K, reserved 1245184K
  class space    used 24328K, committed 25664K, reserved 1048576K
}
Event: 82.379 GC heap after
{Heap after GC invocations=73 (full 0):
 garbage-first heap   total 293888K, used 180322K [0x0000000080000000, 0x0000000100000000)
  region size 1024K, 13 young (13312K), 13 survivors (13312K)
 Metaspace       used 185223K, committed 187968K, reserved 1245184K
  class space    used 24328K, committed 25664K, reserved 1048576K
}
Event: 89.690 GC heap before
{Heap before GC invocations=73 (full 0):
 garbage-first heap   total 293888K, used 263266K [0x0000000080000000, 0x0000000100000000)
  region size 1024K, 95 young (97280K), 13 survivors (13312K)
 Metaspace       used 188527K, committed 191296K, reserved 1245184K
  class space    used 24751K, committed 26112K, reserved 1048576K
}
Event: 89.733 GC heap after
{Heap after GC invocations=74 (full 0):
 garbage-first heap   total 293888K, used 193536K [0x0000000080000000, 0x0000000100000000)
  region size 1024K, 12 young (12288K), 12 survivors (12288K)
 Metaspace       used 188527K, committed 191296K, reserved 1245184K
  class space    used 24751K, committed 26112K, reserved 1048576K
}
Event: 92.051 GC heap before
{Heap before GC invocations=75 (full 0):
 garbage-first heap   total 316416K, used 261120K [0x0000000080000000, 0x0000000100000000)
  region size 1024K, 82 young (83968K), 12 survivors (12288K)
 Metaspace       used 188952K, committed 191744K, reserved 1245184K
  class space    used 24800K, committed 26176K, reserved 1048576K
}
Event: 92.089 GC heap after
{Heap after GC invocations=76 (full 0):
 garbage-first heap   total 316416K, used 192056K [0x0000000080000000, 0x0000000100000000)
  region size 1024K, 5 young (5120K), 5 survivors (5120K)
 Metaspace       used 188952K, committed 191744K, reserved 1245184K
  class space    used 24800K, committed 26176K, reserved 1048576K
}
Event: 95.744 GC heap before
{Heap before GC invocations=76 (full 0):
 garbage-first heap   total 316416K, used 293432K [0x0000000080000000, 0x0000000100000000)
  region size 1024K, 99 young (101376K), 5 survivors (5120K)
 Metaspace       used 190791K, committed 193600K, reserved 1245184K
  class space    used 24986K, committed 26368K, reserved 1048576K
}
Event: 95.759 GC heap after
{Heap after GC invocations=77 (full 0):
 garbage-first heap   total 316416K, used 185253K [0x0000000080000000, 0x0000000100000000)
  region size 1024K, 7 young (7168K), 7 survivors (7168K)
 Metaspace       used 190791K, committed 193600K, reserved 1245184K
  class space    used 24986K, committed 26368K, reserved 1048576K
}
Event: 96.212 GC heap before
{Heap before GC invocations=77 (full 0):
 garbage-first heap   total 316416K, used 204709K [0x0000000080000000, 0x0000000100000000)
  region size 1024K, 28 young (28672K), 7 survivors (7168K)
 Metaspace       used 190864K, committed 193664K, reserved 1245184K
  class space    used 24998K, committed 26368K, reserved 1048576K
}
Event: 96.224 GC heap after
{Heap after GC invocations=78 (full 0):
 garbage-first heap   total 316416K, used 185253K [0x0000000080000000, 0x0000000100000000)
  region size 1024K, 7 young (7168K), 7 survivors (7168K)
 Metaspace       used 190864K, committed 193664K, reserved 1245184K
  class space    used 24998K, committed 26368K, reserved 1048576K
}
Event: 101.703 GC heap before
{Heap before GC invocations=79 (full 0):
 garbage-first heap   total 316416K, used 296869K [0x0000000080000000, 0x0000000100000000)
  region size 1024K, 110 young (112640K), 7 survivors (7168K)
 Metaspace       used 192397K, committed 195200K, reserved 1245184K
  class space    used 25141K, committed 26560K, reserved 1048576K
}

Dll operation events (3 events):
Event: 0.063 Loaded shared library C:\Program Files\Android\Android Studio\jbr\bin\java.dll
Event: 0.088 Loaded shared library C:\Program Files\Android\Android Studio\jbr\bin\zip.dll
Event: 2.907 Loaded shared library C:\Program Files\Android\Android Studio\jbr\bin\verify.dll

Deoptimization events (20 events):
Event: 100.491 Thread 0x000001bcbbae8cd0 DEOPT PACKING pc=0x000001bc9c0ca360 sp=0x0000004e35efa130
Event: 100.491 Thread 0x000001bcbbae8cd0 DEOPT UNPACKING pc=0x000001bc9afa46a2 sp=0x0000004e35efa0b8 mode 2
Event: 100.492 Thread 0x000001bcbbae8cd0 Uncommon trap: trap_request=0xffffffde fr.pc=0x000001bc9c07f6f8 relative=0x00000000000023d8
Event: 100.492 Thread 0x000001bcbbae8cd0 Uncommon trap: reason=class_check action=maybe_recompile pc=0x000001bc9c07f6f8 method=com.sun.org.apache.xerces.internal.dom.ElementNSImpl.getLocalName()Ljava/lang/String; @ 8 c2
Event: 100.492 Thread 0x000001bcbbae8cd0 DEOPT PACKING pc=0x000001bc9c07f6f8 sp=0x0000004e35efaa50
Event: 100.492 Thread 0x000001bcbbae8cd0 DEOPT UNPACKING pc=0x000001bc9afa46a2 sp=0x0000004e35efaa68 mode 2
Event: 100.492 Thread 0x000001bcbbae8cd0 Uncommon trap: trap_request=0xffffffde fr.pc=0x000001bc9c07f6f8 relative=0x00000000000023d8
Event: 100.492 Thread 0x000001bcbbae8cd0 Uncommon trap: reason=class_check action=maybe_recompile pc=0x000001bc9c07f6f8 method=com.sun.org.apache.xerces.internal.dom.ElementNSImpl.getLocalName()Ljava/lang/String; @ 8 c2
Event: 100.492 Thread 0x000001bcbbae8cd0 DEOPT PACKING pc=0x000001bc9c07f6f8 sp=0x0000004e35efaa50
Event: 100.492 Thread 0x000001bcbbae8cd0 DEOPT UNPACKING pc=0x000001bc9afa46a2 sp=0x0000004e35efaa68 mode 2
Event: 100.495 Thread 0x000001bcbbae8cd0 Uncommon trap: trap_request=0xffffffde fr.pc=0x000001bc9c07f6f8 relative=0x00000000000023d8
Event: 100.495 Thread 0x000001bcbbae8cd0 Uncommon trap: reason=class_check action=maybe_recompile pc=0x000001bc9c07f6f8 method=com.sun.org.apache.xerces.internal.dom.ElementNSImpl.getLocalName()Ljava/lang/String; @ 8 c2
Event: 100.495 Thread 0x000001bcbbae8cd0 DEOPT PACKING pc=0x000001bc9c07f6f8 sp=0x0000004e35efaa50
Event: 100.495 Thread 0x000001bcbbae8cd0 DEOPT UNPACKING pc=0x000001bc9afa46a2 sp=0x0000004e35efaa68 mode 2
Event: 100.498 Thread 0x000001bcbbae8cd0 Uncommon trap: trap_request=0xffffffde fr.pc=0x000001bc9c07f6f8 relative=0x00000000000023d8
Event: 100.498 Thread 0x000001bcbbae8cd0 Uncommon trap: reason=class_check action=maybe_recompile pc=0x000001bc9c07f6f8 method=com.sun.org.apache.xerces.internal.dom.ElementNSImpl.getLocalName()Ljava/lang/String; @ 8 c2
Event: 100.498 Thread 0x000001bcbbae8cd0 DEOPT PACKING pc=0x000001bc9c07f6f8 sp=0x0000004e35efaa50
Event: 100.498 Thread 0x000001bcbbae8cd0 DEOPT UNPACKING pc=0x000001bc9afa46a2 sp=0x0000004e35efaa68 mode 2
Event: 101.043 Thread 0x000001bcbbae8cd0 DEOPT PACKING pc=0x000001bc93dc3c7b sp=0x0000004e35efa530
Event: 101.043 Thread 0x000001bcbbae8cd0 DEOPT UNPACKING pc=0x000001bc9afa4e42 sp=0x0000004e35ef99e8 mode 0

Classes loaded (20 events):
Event: 98.275 Loading class java/util/stream/Nodes$IntFixedNodeBuilder
Event: 98.276 Loading class java/util/stream/Node$Builder$OfInt
Event: 98.277 Loading class java/util/stream/Node$Builder$OfInt done
Event: 98.277 Loading class java/util/stream/Nodes$IntArrayNode
Event: 98.278 Loading class java/util/stream/Nodes$IntArrayNode done
Event: 98.278 Loading class java/util/stream/Nodes$IntFixedNodeBuilder done
Event: 99.011 Loading class java/nio/file/Files$2
Event: 99.012 Loading class java/nio/file/Files$2 done
Event: 99.233 Loading class org/xml/sax/ext/DefaultHandler2
Event: 99.235 Loading class org/xml/sax/ext/LexicalHandler
Event: 99.237 Loading class org/xml/sax/ext/LexicalHandler done
Event: 99.237 Loading class org/xml/sax/ext/DeclHandler
Event: 99.237 Loading class org/xml/sax/ext/DeclHandler done
Event: 99.237 Loading class org/xml/sax/ext/DefaultHandler2 done
Event: 99.254 Loading class com/sun/org/apache/xerces/internal/dom/ParentNode$UserDataRecord
Event: 99.255 Loading class com/sun/org/apache/xerces/internal/dom/ParentNode$UserDataRecord done
Event: 99.257 Loading class com/sun/org/apache/xerces/internal/util/EntityResolver2Wrapper
Event: 99.258 Loading class com/sun/org/apache/xerces/internal/util/EntityResolver2Wrapper done
Event: 99.297 Loading class com/sun/org/apache/xerces/internal/dom/CommentImpl
Event: 99.298 Loading class com/sun/org/apache/xerces/internal/dom/CommentImpl done

Classes unloaded (0 events):
No events

Classes redefined (0 events):
No events

Internal exceptions (20 events):
Event: 99.182 Thread 0x000001bcbbae8cd0 Exception <a 'sun/nio/fs/WindowsException'{0x000000008f503038}> (0x000000008f503038) 
thrown [s\src\hotspot\share\prims\jni.cpp, line 537]
Event: 99.183 Thread 0x000001bcbbae8cd0 Exception <a 'sun/nio/fs/WindowsException'{0x000000008f5045c0}> (0x000000008f5045c0) 
thrown [s\src\hotspot\share\prims\jni.cpp, line 537]
Event: 99.185 Thread 0x000001bcbbae8cd0 Exception <a 'sun/nio/fs/WindowsException'{0x000000008f505b48}> (0x000000008f505b48) 
thrown [s\src\hotspot\share\prims\jni.cpp, line 537]
Event: 99.186 Thread 0x000001bcbbae8cd0 Exception <a 'sun/nio/fs/WindowsException'{0x000000008f5070d0}> (0x000000008f5070d0) 
thrown [s\src\hotspot\share\prims\jni.cpp, line 537]
Event: 99.187 Thread 0x000001bcbbae8cd0 Exception <a 'sun/nio/fs/WindowsException'{0x000000008f508638}> (0x000000008f508638) 
thrown [s\src\hotspot\share\prims\jni.cpp, line 537]
Event: 99.188 Thread 0x000001bcbbae8cd0 Exception <a 'sun/nio/fs/WindowsException'{0x000000008f509c20}> (0x000000008f509c20) 
thrown [s\src\hotspot\share\prims\jni.cpp, line 537]
Event: 99.189 Thread 0x000001bcbbae8cd0 Exception <a 'sun/nio/fs/WindowsException'{0x000000008f50b208}> (0x000000008f50b208) 
thrown [s\src\hotspot\share\prims\jni.cpp, line 537]
Event: 99.190 Thread 0x000001bcbbae8cd0 Exception <a 'sun/nio/fs/WindowsException'{0x000000008f50c7f0}> (0x000000008f50c7f0) 
thrown [s\src\hotspot\share\prims\jni.cpp, line 537]
Event: 99.191 Thread 0x000001bcbbae8cd0 Exception <a 'sun/nio/fs/WindowsException'{0x000000008f50ddd8}> (0x000000008f50ddd8) 
thrown [s\src\hotspot\share\prims\jni.cpp, line 537]
Event: 99.192 Thread 0x000001bcbbae8cd0 Exception <a 'sun/nio/fs/WindowsException'{0x000000008f50f380}> (0x000000008f50f380) 
thrown [s\src\hotspot\share\prims\jni.cpp, line 537]
Event: 99.193 Thread 0x000001bcbbae8cd0 Exception <a 'sun/nio/fs/WindowsException'{0x000000008f510928}> (0x000000008f510928) 
thrown [s\src\hotspot\share\prims\jni.cpp, line 537]
Event: 99.194 Thread 0x000001bcbbae8cd0 Exception <a 'sun/nio/fs/WindowsException'{0x000000008f511ed0}> (0x000000008f511ed0) 
thrown [s\src\hotspot\share\prims\jni.cpp, line 537]
Event: 99.195 Thread 0x000001bcbbae8cd0 Exception <a 'sun/nio/fs/WindowsException'{0x000000008f513460}> (0x000000008f513460) 
thrown [s\src\hotspot\share\prims\jni.cpp, line 537]
Event: 99.196 Thread 0x000001bcbbae8cd0 Exception <a 'sun/nio/fs/WindowsException'{0x000000008f5149f0}> (0x000000008f5149f0) 
thrown [s\src\hotspot\share\prims\jni.cpp, line 537]
Event: 99.198 Thread 0x000001bcbbae8cd0 Exception <a 'sun/nio/fs/WindowsException'{0x000000008f515f80}> (0x000000008f515f80) 
thrown [s\src\hotspot\share\prims\jni.cpp, line 537]
Event: 99.199 Thread 0x000001bcbbae8cd0 Exception <a 'sun/nio/fs/WindowsException'{0x000000008f5174e8}> (0x000000008f5174e8) 
thrown [s\src\hotspot\share\prims\jni.cpp, line 537]
Event: 99.202 Thread 0x000001bcbbae8cd0 Exception <a 'sun/nio/fs/WindowsException'{0x000000008f518a50}> (0x000000008f518a50) 
thrown [s\src\hotspot\share\prims\jni.cpp, line 537]
Event: 99.204 Thread 0x000001bcbbae8cd0 Exception <a 'sun/nio/fs/WindowsException'{0x000000008f519ba8}> (0x000000008f519ba8) 
thrown [s\src\hotspot\share\prims\jni.cpp, line 537]
Event: 99.205 Thread 0x000001bcbbae8cd0 Exception <a 'sun/nio/fs/WindowsException'{0x000000008f51bff8}> (0x000000008f51bff8) 
thrown [s\src\hotspot\share\prims\jni.cpp, line 537]
Event: 99.206 Thread 0x000001bcbbae8cd0 Exception <a 'sun/nio/fs/WindowsException'{0x000000008f51d140}> (0x000000008f51d140) 
thrown [s\src\hotspot\share\prims\jni.cpp, line 537]

ZGC Phase Switch (0 events):
No events

VM Operations (20 events):
Event: 95.759 Executing VM operation: G1CollectForAllocation (G1 Evacuation Pause) done
Event: 96.212 Executing VM operation: G1TryInitiateConcMark (G1 Humongous Allocation)
Event: 96.225 Executing VM operation: G1TryInitiateConcMark (G1 Humongous Allocation) done
Event: 96.647 Executing VM operation: G1PauseRemark
Event: 96.676 Executing VM operation: G1PauseRemark done
Event: 96.864 Executing VM operation: G1PauseCleanup
Event: 96.865 Executing VM operation: G1PauseCleanup done
Event: 97.881 Executing VM operation: Cleanup
Event: 97.881 Executing VM operation: Cleanup done
Event: 98.299 Executing VM operation: HandshakeAllThreads (Deoptimize)
Event: 98.299 Executing VM operation: HandshakeAllThreads (Deoptimize) done
Event: 99.306 Executing VM operation: HandshakeAllThreads (Deoptimize)
Event: 99.306 Executing VM operation: HandshakeAllThreads (Deoptimize) done
Event: 99.306 Executing VM operation: Cleanup
Event: 99.306 Executing VM operation: Cleanup done
Event: 100.608 Executing VM operation: ICBufferFull
Event: 100.608 Executing VM operation: ICBufferFull done
Event: 101.622 Executing VM operation: Cleanup
Event: 101.622 Executing VM operation: Cleanup done
Event: 101.703 Executing VM operation: G1CollectForAllocation (G1 Evacuation Pause)

Memory protections (0 events):
No events

Nmethod flushes (20 events):
Event: 96.672 Thread 0x000001bca7f84ff0 flushing  nmethod 0x000001bc944f9b10
Event: 96.672 Thread 0x000001bca7f84ff0 flushing  nmethod 0x000001bc9451a110
Event: 96.672 Thread 0x000001bca7f84ff0 flushing  nmethod 0x000001bc9451c290
Event: 96.672 Thread 0x000001bca7f84ff0 flushing  nmethod 0x000001bc9451e390
Event: 96.672 Thread 0x000001bca7f84ff0 flushing  nmethod 0x000001bc945cdb90
Event: 96.672 Thread 0x000001bca7f84ff0 flushing  nmethod 0x000001bc94616b10
Event: 96.672 Thread 0x000001bca7f84ff0 flushing  nmethod 0x000001bc946a2010
Event: 96.672 Thread 0x000001bca7f84ff0 flushing  nmethod 0x000001bc947a3410
Event: 96.672 Thread 0x000001bca7f84ff0 flushing  nmethod 0x000001bc949a2b90
Event: 96.672 Thread 0x000001bca7f84ff0 flushing  nmethod 0x000001bc94d82390
Event: 96.672 Thread 0x000001bca7f84ff0 flushing  nmethod 0x000001bc94dfa510
Event: 96.672 Thread 0x000001bca7f84ff0 flushing  nmethod 0x000001bc94ee4490
Event: 96.672 Thread 0x000001bca7f84ff0 flushing  nmethod 0x000001bc94f2ca90
Event: 96.672 Thread 0x000001bca7f84ff0 flushing  nmethod 0x000001bc94f9db90
Event: 96.672 Thread 0x000001bca7f84ff0 flushing  nmethod 0x000001bc94ff1810
Event: 96.672 Thread 0x000001bca7f84ff0 flushing  nmethod 0x000001bc94ff4210
Event: 96.672 Thread 0x000001bca7f84ff0 flushing  nmethod 0x000001bc95de0290
Event: 96.672 Thread 0x000001bca7f84ff0 flushing  nmethod 0x000001bc95de0d90
Event: 96.672 Thread 0x000001bca7f84ff0 flushing  nmethod 0x000001bc95de2290
Event: 96.672 Thread 0x000001bca7f84ff0 flushing  nmethod 0x000001bc95de2a10

Events (20 events):
Event: 89.383 Thread 0x000001bcbbae3e10 Thread added: 0x000001bcbbaee8b0
Event: 89.385 Thread 0x000001bcbbae3e10 Thread added: 0x000001bcbbaeef40
Event: 93.846 Thread 0x000001bca8184570 Thread added: 0x000001bcbcd3c2f0
Event: 94.777 Thread 0x000001bcbbae3e10 Thread added: 0x000001bcb0d40540
Event: 94.915 Thread 0x000001bcbbae8cd0 Thread added: 0x000001bcb0d3eb00
Event: 94.916 Thread 0x000001bcbbae8cd0 Thread added: 0x000001bcb0d44050
Event: 94.917 Thread 0x000001bcbbae8cd0 Thread added: 0x000001bcb0d42ca0
Event: 94.917 Thread 0x000001bcbbae8cd0 Thread added: 0x000001bcbc146c10
Event: 94.918 Thread 0x000001bcbbae8cd0 Thread added: 0x000001bcbc146580
Event: 94.919 Thread 0x000001bcbbae8cd0 Thread added: 0x000001bcbc1472a0
Event: 94.920 Thread 0x000001bcbbae8cd0 Thread added: 0x000001bcbc1444b0
Event: 95.650 Thread 0x000001bcbbae8cd0 Thread added: 0x000001bcbc147fc0
Event: 95.656 Thread 0x000001bcbbae8cd0 Thread added: 0x000001bcbc147930
Event: 95.658 Thread 0x000001bcbbae8cd0 Thread added: 0x000001bcbc144b40
Event: 95.658 Thread 0x000001bcbbae8cd0 Thread added: 0x000001bcbc1451d0
Event: 95.659 Thread 0x000001bcbbae8cd0 Thread added: 0x000001bcbc148650
Event: 95.660 Thread 0x000001bcbbae8cd0 Thread added: 0x000001bcbc145860
Event: 95.661 Thread 0x000001bcbbae8cd0 Thread added: 0x000001bcbc148ce0
Event: 98.980 Thread 0x000001bcbcd3c2f0 Thread exited: 0x000001bcbcd3c2f0
Event: 99.316 Thread 0x000001bca8184570 Thread added: 0x000001bcbcd3c2f0


Dynamic libraries:
0x00007ff6c4fa0000 - 0x00007ff6c4faa000 	C:\Program Files\Android\Android Studio\jbr\bin\java.exe
0x00007ffbceda0000 - 0x00007ffbcf007000 	C:\WINDOWS\SYSTEM32\ntdll.dll
0x00007ffbcd6e0000 - 0x00007ffbcd7a9000 	C:\WINDOWS\System32\KERNEL32.DLL
0x00007ffbcc450000 - 0x00007ffbcc83f000 	C:\WINDOWS\System32\KERNELBASE.dll
0x00007ffbcc190000 - 0x00007ffbcc2db000 	C:\WINDOWS\System32\ucrtbase.dll
0x00007ffbb7a20000 - 0x00007ffbb7a3b000 	C:\Program Files\Android\Android Studio\jbr\bin\VCRUNTIME140.dll
0x00007ffbb78f0000 - 0x00007ffbb7908000 	C:\Program Files\Android\Android Studio\jbr\bin\jli.dll
0x00007ffbcd8f0000 - 0x00007ffbcdab5000 	C:\WINDOWS\System32\USER32.dll
0x00007ffbb19a0000 - 0x00007ffbb1c33000 	C:\WINDOWS\WinSxS\amd64_microsoft.windows.common-controls_6595b64144ccf1df_6.0.26100.7309_none_3e05feeae336a044\COMCTL32.dll
0x00007ffbcc990000 - 0x00007ffbcc9b7000 	C:\WINDOWS\System32\win32u.dll
0x00007ffbceb10000 - 0x00007ffbcebb9000 	C:\WINDOWS\System32\msvcrt.dll
0x00007ffbced30000 - 0x00007ffbced5b000 	C:\WINDOWS\System32\GDI32.dll
0x00007ffbcbef0000 - 0x00007ffbcc01c000 	C:\WINDOWS\System32\gdi32full.dll
0x00007ffbcc850000 - 0x00007ffbcc8f3000 	C:\WINDOWS\System32\msvcp_win.dll
0x00007ffbcd830000 - 0x00007ffbcd861000 	C:\WINDOWS\System32\IMM32.DLL
0x00007ffbb7520000 - 0x00007ffbb752c000 	C:\Program Files\Android\Android Studio\jbr\bin\vcruntime140_1.dll
0x00007ffb964a0000 - 0x00007ffb9652d000 	C:\Program Files\Android\Android Studio\jbr\bin\msvcp140.dll
0x00007ffb422a0000 - 0x00007ffb42f2e000 	C:\Program Files\Android\Android Studio\jbr\bin\server\jvm.dll
0x00007ffbcd440000 - 0x00007ffbcd4f4000 	C:\WINDOWS\System32\ADVAPI32.dll
0x00007ffbcded0000 - 0x00007ffbcdf76000 	C:\WINDOWS\System32\sechost.dll
0x00007ffbcdda0000 - 0x00007ffbcdeb8000 	C:\WINDOWS\System32\RPCRT4.dll
0x00007ffbcdbd0000 - 0x00007ffbcdc44000 	C:\WINDOWS\System32\WS2_32.dll
0x00007ffbb4460000 - 0x00007ffbb4495000 	C:\WINDOWS\SYSTEM32\WINMM.dll
0x00007ffbc51a0000 - 0x00007ffbc51ab000 	C:\WINDOWS\SYSTEM32\VERSION.dll
0x00007ffbcbd70000 - 0x00007ffbcbdce000 	C:\WINDOWS\SYSTEM32\POWRPROF.dll
0x00007ffbcbd50000 - 0x00007ffbcbd64000 	C:\WINDOWS\SYSTEM32\UMPDC.dll
0x00007ffbcaca0000 - 0x00007ffbcacbb000 	C:\WINDOWS\SYSTEM32\kernel.appcore.dll
0x00007ffbb7510000 - 0x00007ffbb751a000 	C:\Program Files\Android\Android Studio\jbr\bin\jimage.dll
0x00007ffbbe0e0000 - 0x00007ffbbe322000 	C:\WINDOWS\SYSTEM32\DBGHELP.DLL
0x00007ffbce5e0000 - 0x00007ffbce965000 	C:\WINDOWS\System32\combase.dll
0x00007ffbcdcc0000 - 0x00007ffbcdd96000 	C:\WINDOWS\System32\OLEAUT32.dll
0x00007ffbad650000 - 0x00007ffbad68c000 	C:\WINDOWS\SYSTEM32\dbgcore.DLL
0x00007ffbcc0e0000 - 0x00007ffbcc185000 	C:\WINDOWS\System32\bcryptPrimitives.dll
0x00007ffbb7a40000 - 0x00007ffbb7a4e000 	C:\Program Files\Android\Android Studio\jbr\bin\instrument.dll
0x00007ffbb74f0000 - 0x00007ffbb7510000 	C:\Program Files\Android\Android Studio\jbr\bin\java.dll
0x00007ffb6ac90000 - 0x00007ffb6aca8000 	C:\Program Files\Android\Android Studio\jbr\bin\zip.dll
0x00007ffbccb40000 - 0x00007ffbcd293000 	C:\WINDOWS\System32\SHELL32.dll
0x00007ffbcc2e0000 - 0x00007ffbcc44a000 	C:\WINDOWS\System32\wintypes.dll
0x00007ffbc9b30000 - 0x00007ffbca38e000 	C:\WINDOWS\SYSTEM32\windows.storage.dll
0x00007ffbcebc0000 - 0x00007ffbcecb5000 	C:\WINDOWS\System32\SHCORE.dll
0x00007ffbcecc0000 - 0x00007ffbced26000 	C:\WINDOWS\System32\shlwapi.dll
0x00007ffbcbe10000 - 0x00007ffbcbe39000 	C:\WINDOWS\SYSTEM32\profapi.dll
0x00007ffbafb60000 - 0x00007ffbafb70000 	C:\Program Files\Android\Android Studio\jbr\bin\net.dll
0x00007ffbc47e0000 - 0x00007ffbc4908000 	C:\WINDOWS\SYSTEM32\WINHTTP.dll
0x00007ffbcb210000 - 0x00007ffbcb27b000 	C:\WINDOWS\system32\mswsock.dll
0x00007ffb644b0000 - 0x00007ffb644c6000 	C:\Program Files\Android\Android Studio\jbr\bin\nio.dll
0x00007ffb63ab0000 - 0x00007ffb63ac0000 	C:\Program Files\Android\Android Studio\jbr\bin\verify.dll
0x00007ffbb7850000 - 0x00007ffbb7877000 	C:\Users\USER\.gradle\native\1def1411415f61bf3af743bc5b6707747c0891f09f0c88961ee8f79bc544acac\windows-amd64\native-platform.dll
0x00007ffb60830000 - 0x00007ffb608a8000 	C:\Users\USER\.gradle\native\0.2.7\x86_64-windows-gnu\gradle-fileevents.dll
0x00007ffb64370000 - 0x00007ffb64379000 	C:\Program Files\Android\Android Studio\jbr\bin\management.dll
0x00007ffb64360000 - 0x00007ffb6436b000 	C:\Program Files\Android\Android Studio\jbr\bin\management_ext.dll
0x00007ffbcdac0000 - 0x00007ffbcdac8000 	C:\WINDOWS\System32\PSAPI.DLL
0x00007ffbca760000 - 0x00007ffbca794000 	C:\WINDOWS\SYSTEM32\IPHLPAPI.DLL
0x00007ffbcd820000 - 0x00007ffbcd82a000 	C:\WINDOWS\System32\NSI.dll
0x00007ffba3e00000 - 0x00007ffba3e09000 	C:\Program Files\Android\Android Studio\jbr\bin\extnet.dll
0x00007ffbcb4d0000 - 0x00007ffbcb4eb000 	C:\WINDOWS\SYSTEM32\CRYPTSP.dll
0x00007ffbcac00000 - 0x00007ffbcac3a000 	C:\WINDOWS\system32\rsaenh.dll
0x00007ffbcb2c0000 - 0x00007ffbcb2eb000 	C:\WINDOWS\SYSTEM32\USERENV.dll
0x00007ffbcbde0000 - 0x00007ffbcbe0a000 	C:\WINDOWS\SYSTEM32\bcrypt.dll
0x00007ffbcb4f0000 - 0x00007ffbcb4fc000 	C:\WINDOWS\SYSTEM32\CRYPTBASE.dll
0x00007ffb99ae0000 - 0x00007ffb99ae8000 	C:\WINDOWS\system32\wshunix.dll
0x00007ffbca7a0000 - 0x00007ffbca8cc000 	C:\WINDOWS\SYSTEM32\DNSAPI.dll
0x00007ffbc2d60000 - 0x00007ffbc2d6b000 	C:\Windows\System32\rasadhlp.dll
0x00007ffbc2750000 - 0x00007ffbc27d6000 	C:\WINDOWS\System32\fwpuclnt.dll
0x00007ffbb8080000 - 0x00007ffbb8098000 	C:\WINDOWS\system32\napinsp.dll
0x00007ffbb8060000 - 0x00007ffbb8072000 	C:\WINDOWS\System32\winrnr.dll
0x00007ffb9b6d0000 - 0x00007ffb9b6f2000 	C:\WINDOWS\system32\nlansp_c.dll
0x00007ffbc3ce0000 - 0x00007ffbc3cf6000 	C:\WINDOWS\system32\wshbth.dll

dbghelp: loaded successfully - version: 4.0.5 - missing functions: none
symbol engine: initialized successfully - sym options: 0x614 - pdb path: .;C:\Program Files\Android\Android Studio\jbr\bin;C:\WINDOWS\SYSTEM32;C:\WINDOWS\WinSxS\amd64_microsoft.windows.common-controls_6595b64144ccf1df_6.0.26100.7309_none_3e05feeae336a044;C:\Program Files\Android\Android Studio\jbr\bin\server;C:\Users\USER\.gradle\native\1def1411415f61bf3af743bc5b6707747c0891f09f0c88961ee8f79bc544acac\windows-amd64;C:\Users\USER\.gradle\native\0.2.7\x86_64-windows-gnu

VM Arguments:
jvm_args: --add-opens=java.base/java.lang=ALL-UNNAMED --add-opens=java.base/java.lang.invoke=ALL-UNNAMED --add-opens=java.base/java.util=ALL-UNNAMED --add-opens=java.prefs/java.util.prefs=ALL-UNNAMED --add-exports=jdk.compiler/com.sun.tools.javac.api=ALL-UNNAMED --add-exports=jdk.compiler/com.sun.tools.javac.util=ALL-UNNAMED --add-opens=java.base/java.util=ALL-UNNAMED --add-opens=java.prefs/java.util.prefs=ALL-UNNAMED --add-opens=java.base/java.nio.charset=ALL-UNNAMED --add-opens=java.base/java.net=ALL-UNNAMED --add-opens=java.base/java.util.concurrent.atomic=ALL-UNNAMED --add-opens=java.xml/javax.xml.namespace=ALL-UNNAMED -Xmx2048m -Dfile.encoding=UTF-8 -Duser.country=US -Duser.language=en -Duser.variant -javaagent:C:\Users\USER\.gradle\wrapper\dists\gradle-8.13-bin\5xuhj0ry160q40clulazy9h7d\gradle-8.13\lib\agents\gradle-instrumentation-agent-8.13.jar 
java_command: org.gradle.launcher.daemon.bootstrap.GradleDaemon 8.13
java_class_path (initial): C:\Users\USER\.gradle\wrapper\dists\gradle-8.13-bin\5xuhj0ry160q40clulazy9h7d\gradle-8.13\lib\gradle-daemon-main-8.13.jar
Launcher Type: SUN_STANDARD

[Global flags]
     intx CICompilerCount                          = 4                                         {product} {ergonomic}
     uint ConcGCThreads                            = 2                                         {product} {ergonomic}
     uint G1ConcRefinementThreads                  = 8                                         {product} {ergonomic}
   size_t G1HeapRegionSize                         = 1048576                                   {product} {ergonomic}
    uintx GCDrainStackTargetSize                   = 64                                        {product} {ergonomic}
   size_t InitialHeapSize                          = 132120576                                 {product} {ergonomic}
   size_t MarkStackSize                            = 4194304                                   {product} {ergonomic}
   size_t MaxHeapSize                              = 2147483648                                {product} {command line}
   size_t MaxNewSize                               = 1287651328                                {product} {ergonomic}
   size_t MinHeapDeltaBytes                        = 1048576                                   {product} {ergonomic}
   size_t MinHeapSize                              = 8388608                                   {product} {ergonomic}
    uintx NonNMethodCodeHeapSize                   = 5839372                                {pd product} {ergonomic}
    uintx NonProfiledCodeHeapSize                  = 122909434                              {pd product} {ergonomic}
    uintx ProfiledCodeHeapSize                     = 122909434                              {pd product} {ergonomic}
    uintx ReservedCodeCacheSize                    = 251658240                              {pd product} {ergonomic}
     bool SegmentedCodeCache                       = true                                      {product} {ergonomic}
   size_t SoftMaxHeapSize                          = 2147483648                             {manageable} {ergonomic}
     bool UseCompressedOops                        = true                           {product lp64_product} {ergonomic}
     bool UseG1GC                                  = true                                      {product} {ergonomic}
     bool UseLargePagesIndividualAllocation        = false                                  {pd product} {ergonomic}

Logging:
Log output configuration:
 #0: stdout all=warning uptime,level,tags foldmultilines=false
 #1: stderr all=off uptime,level,tags foldmultilines=false

Environment Variables:
PATH=C:\Python313\Scripts\;C:\Python313\;C:\Program Files\Python312\Scripts\;C:\Program Files\Python312\;C:\WINDOWS\system32;C:\WINDOWS;C:\WINDOWS\System32\Wbem;C:\WINDOWS\System32\WindowsPowerShell\v1.0\;C:\WINDOWS\System32\OpenSSH\;C:\Program Files\nodejs\;C:\ProgramData\chocolatey\bin;C:\Program Files\Git\cmd;C:\Users\USER\AppData\Local\Microsoft\WindowsApps;C:\Users\USER\AppData\Local\Programs\Microsoft VS Code\bin;C:\Users\USER\AppData\Local\GitHubDesktop\bin;C:\ProgramData\USER\GitHubDesktop\bin;C:\Users\USER\AppData\Roaming\npm;C:\Program Files\JetBrains\PyCharm 2025.2.1\bin;
USERNAME=USER
OS=Windows_NT
PROCESSOR_IDENTIFIER=Intel64 Family 6 Model 142 Stepping 12, GenuineIntel
TMP=C:\Users\USER\AppData\Local\Temp
TEMP=C:\Users\USER\AppData\Local\Temp




Periodic native trim disabled

JNI global refs:
JNI global refs: 28, weak refs: 1

JNI global refs memory usage: 835, weak refs: 833

Process memory usage:
Resident Set Size: 567484K (6% of 8256284K total physical memory with 383252K free physical memory)

OOME stack traces (most recent first):
Classloader memory used:
Loader org.gradle.internal.classloader.VisitableURLClassLoader                         : 105M
Loader bootstrap                                                                       : 36307K
Loader org.gradle.internal.classloader.VisitableURLClassLoader$InstrumentingVisitableURLClassLoader: 32322K
Loader org.gradle.initialization.MixInLegacyTypesClassLoader                           : 13384K
Loader jdk.internal.loader.ClassLoaders$PlatformClassLoader                            : 805K
Loader jdk.internal.reflect.DelegatingClassLoader                                      : 398K
Loader jdk.internal.jrtfs.JrtFileSystemProvider$JrtFsLoader                            : 340K
Loader jdk.internal.loader.ClassLoaders$AppClassLoader                                 : 235K
Loader org.gradle.internal.classloader.VisitableURLClassLoader                         : 174K
Loader org.gradle.groovy.scripts.internal.DefaultScriptCompilationHandler$ScriptClassLoader: 134K
Loader org.codehaus.groovy.runtime.callsite.CallSiteClassLoader                        : 27360B

Classes loaded by more than one classloader:
Class Program                                                                         : loaded 5 times (x 70B)
Class Build_gradle                                                                    : loaded 3 times (x 128B)
Class Build_gradle$1                                                                  : loaded 3 times (x 72B)
Class org.gradle.internal.classloader.FilteringClassLoader                            : loaded 2 times (x 103B)
Class [Lcom.google.common.base.AbstractIterator$State;                                : loaded 2 times (x 67B)
Class com.google.common.io.FileWriteMode                                              : loaded 2 times (x 77B)
Class com.google.common.base.CharMatcher$IsEither                                     : loaded 2 times (x 109B)
Class jdk.internal.jimage.BasicImageReader                                            : loaded 2 times (x 93B)
Class org.gradle.internal.classloader.ClassLoaderHierarchy                            : loaded 2 times (x 68B)
Class com.google.common.collect.AbstractMapBasedMultimap$WrappedCollection            : loaded 2 times (x 122B)
Class com.google.common.collect.ImmutableEnumSet                                      : loaded 2 times (x 144B)
Class com.google.common.util.concurrent.ExecutionError                                : loaded 2 times (x 80B)
Class com.google.common.collect.ImmutableList$1                                       : loaded 2 times (x 95B)
Class ijJvmDebugger1_8bw46vsrclgnm43io2r9xvak2                                        : loaded 2 times (x 177B)
Class org.gradle.api.internal.classpath.ManifestUtil                                  : loaded 2 times (x 69B)
Class com.google.common.io.ByteArrayDataOutput                                        : loaded 2 times (x 68B)
Class com.google.common.collect.RegularImmutableMap                                   : loaded 2 times (x 119B)
Class com.google.common.collect.ImmutableMap$MapViewOfValuesAsSingletonSets           : loaded 2 times (x 124B)
Class [Lorg.objectweb.asm.Symbol;                                                     : loaded 2 times (x 67B)
Class org.objectweb.asm.ClassVisitor                                                  : loaded 2 times (x 86B)
Class com.google.common.collect.UnmodifiableListIterator                              : loaded 2 times (x 93B)
Class jdk.internal.jimage.decompressor.StringSharingDecompressorFactory               : loaded 2 times (x 72B)
Class com.google.common.base.Platform$JdkPatternCompiler                              : loaded 2 times (x 73B)
Class org.objectweb.asm.MethodTooLargeException                                       : loaded 2 times (x 81B)
Class [Lcom.google.common.cache.CacheBuilder$OneWeigher;                              : loaded 2 times (x 67B)
Class com.google.common.base.Suppliers                                                : loaded 2 times (x 69B)
Class org.gradle.internal.classloader.DefaultClassLoaderFactory                       : loaded 2 times (x 80B)
Class com.google.common.base.CharMatcher$None                                         : loaded 2 times (x 110B)
Class org.jetbrains.kotlin.config.LanguageVersionSettings                             : loaded 2 times (x 68B)
Class org.gradle.internal.classloader.ClassLoaderVisitor                              : loaded 2 times (x 74B)
Class [Lcom.google.common.collect.ImmutableMapEntry;                                  : loaded 2 times (x 67B)
Class org.gradle.api.internal.classpath.EffectiveClassPath                            : loaded 2 times (x 88B)
Class com.google.common.collect.ImmutableRangeSet                                     : loaded 2 times (x 113B)
Class com.google.common.collect.ListMultimap                                          : loaded 2 times (x 68B)
Class com.google.common.collect.ImmutableEnumMap                                      : loaded 2 times (x 124B)
Class com.google.common.base.Splitter                                                 : loaded 2 times (x 70B)
Class com.google.common.collect.Sets$1                                                : loaded 2 times (x 137B)
Class org.objectweb.asm.AnnotationVisitor                                             : loaded 2 times (x 76B)
Class org.gradle.api.internal.DefaultClassPathProvider                                : loaded 2 times (x 74B)
Class com.google.common.collect.Maps$ViewCachingAbstractMap                           : loaded 2 times (x 123B)
Class com.google.common.collect.Sets$2                                                : loaded 2 times (x 137B)
Class [Lorg.gradle.api.internal.ClassPathProvider;                                    : loaded 2 times (x 67B)
Class org.gradle.api.internal.ClassPathProvider                                       : loaded 2 times (x 68B)
Class com.google.common.base.AbstractIterator$State                                   : loaded 2 times (x 77B)
Class com.google.common.collect.Sets$3                                                : loaded 2 times (x 137B)
Class com.google.common.util.concurrent.AbstractFuture$SafeAtomicHelper               : loaded 2 times (x 77B)
Class com.google.common.cache.LocalCache$LocalLoadingCache                            : loaded 2 times (x 132B)
Class jdk.internal.jrtfs.SystemImage                                                  : loaded 2 times (x 72B)
Class org.gradle.internal.service.UnknownServiceException                             : loaded 2 times (x 81B)
Class com.google.common.io.ByteArrayDataInput                                         : loaded 2 times (x 68B)
Class com.google.common.collect.Sets$4                                                : loaded 2 times (x 137B)
Class org.objectweb.asm.ModuleVisitor                                                 : loaded 2 times (x 79B)
Class com.google.common.cache.LocalCache$Strength$1                                   : loaded 2 times (x 79B)
Class com.google.common.util.concurrent.SettableFuture                                : loaded 2 times (x 112B)
Class com.google.common.cache.LocalCache$Strength$2                                   : loaded 2 times (x 79B)
Class com.google.common.collect.TransformedIterator                                   : loaded 2 times (x 78B)
Class com.google.common.base.Splitter$1                                               : loaded 2 times (x 75B)
Class com.google.common.io.ByteStreams                                                : loaded 2 times (x 69B)
Class com.google.common.cache.LocalCache$Strength$3                                   : loaded 2 times (x 79B)
Class com.google.common.collect.MapDifference                                         : loaded 2 times (x 68B)
Class org.objectweb.asm.FieldWriter                                                   : loaded 2 times (x 76B)
Class com.google.common.cache.CacheBuilder$NullListener                               : loaded 2 times (x 80B)
Class org.gradle.internal.classpath.TransformedClassPath                              : loaded 2 times (x 94B)
Class org.gradle.internal.classloader.InstrumentingClassLoader                        : loaded 2 times (x 68B)
Class com.google.common.collect.ImmutableRangeSet$AsSet                               : loaded 2 times (x 298B)
Class com.google.common.cache.CacheLoader$FunctionToCacheLoader                       : loaded 2 times (x 73B)
Class com.google.common.collect.Iterators$ArrayItr                                    : loaded 2 times (x 95B)
Class com.google.common.collect.ImmutableCollection$Builder                           : loaded 2 times (x 74B)
Class jdk.internal.jrtfs.SystemImage$1                                                : loaded 2 times (x 76B)
Class com.google.common.base.Joiner                                                   : loaded 2 times (x 77B)
Class com.google.common.base.MoreObjects                                              : loaded 2 times (x 69B)
Class jdk.internal.jrtfs.SystemImage$2                                                : loaded 2 times (x 74B)
Class org.jetbrains.kotlin.config.LanguageOrApiVersion                                : loaded 2 times (x 68B)
Class com.google.common.collect.Platform                                              : loaded 2 times (x 69B)
Class [Lorg.objectweb.asm.Type;                                                       : loaded 2 times (x 67B)
Class com.google.common.collect.UnmodifiableIterator                                  : loaded 2 times (x 78B)
Class org.gradle.internal.service.ServiceLocator                                      : loaded 2 times (x 68B)
Class com.google.common.base.Ascii                                                    : loaded 2 times (x 69B)
Class com.google.common.collect.SingletonImmutableBiMap                               : loaded 2 times (x 141B)
Class com.google.common.cache.LocalCache$1                                            : loaded 2 times (x 87B)
Class com.google.common.collect.AbstractMapEntry                                      : loaded 2 times (x 79B)
Class jdk.internal.jrtfs.JrtFileSystemProvider                                        : loaded 2 times (x 99B)
Class ijJvmDebugger1_8bw46vsrclgnm43io2r9xvak2$_run_closure1                          : loaded 2 times (x 137B)
Class com.google.common.collect.Sets$ImprovedAbstractSet                              : loaded 2 times (x 133B)
Class com.google.common.collect.ImmutableList$Builder                                 : loaded 2 times (x 75B)
Class com.google.common.collect.AbstractMultimap                                      : loaded 2 times (x 121B)
Class com.google.common.cache.LocalCache$2                                            : loaded 2 times (x 140B)
Class com.google.common.collect.ImmutableRangeSet$1                                   : loaded 2 times (x 208B)
Class com.google.common.util.concurrent.AbstractFuture$UnsafeAtomicHelper$1           : loaded 2 times (x 74B)
Class com.google.common.collect.RegularImmutableAsList                                : loaded 2 times (x 215B)
Class com.google.common.collect.Range                                                 : loaded 2 times (x 85B)
Class com.google.common.util.concurrent.AbstractFuture$Trusted                        : loaded 2 times (x 68B)
Class com.google.common.collect.Iterators                                             : loaded 2 times (x 69B)
Class com.google.common.io.ByteSink$AsCharSink                                        : loaded 2 times (x 78B)
Class com.google.common.collect.Lists$StringAsImmutableList                           : loaded 2 times (x 205B)
Class com.google.common.util.concurrent.UncheckedExecutionException                   : loaded 2 times (x 80B)
Class org.gradle.kotlin.dsl.VersionCatalogAccessorsKt                                 : loaded 2 times (x 69B)
Class jdk.internal.jimage.ImageLocation                                               : loaded 2 times (x 88B)
Class jdk.internal.jrtfs.JrtDirectoryStream$1                                         : loaded 2 times (x 81B)
Class org.gradle.internal.InternalTransformer                                         : loaded 2 times (x 68B)
Class com.google.common.collect.AbstractMapBasedMultimap$KeySet$1                     : loaded 2 times (x 80B)
Class org.objectweb.asm.ClassWriter                                                   : loaded 2 times (x 104B)
Class com.google.common.cache.CacheLoader$UnsupportedLoadingOperationException        : loaded 2 times (x 80B)
Class com.google.common.base.CharMatcher$And                                          : loaded 2 times (x 110B)
Class jdk.internal.jimage.ImageBufferCache$1                                          : loaded 2 times (x 81B)
Class org.gradle.internal.classloader.ClasspathUtil$1                                 : loaded 2 times (x 74B)
Class org.objectweb.asm.FieldVisitor                                                  : loaded 2 times (x 75B)
Class com.google.common.collect.IndexedImmutableSet                                   : loaded 2 times (x 150B)
Class com.google.common.collect.ImmutableMap$1                                        : loaded 2 times (x 79B)
Class com.google.common.collect.BiMap                                                 : loaded 2 times (x 68B)
Class jdk.internal.jimage.ImageBufferCache$2                                          : loaded 2 times (x 89B)
Class org.gradle.api.internal.classpath.DefaultModuleRegistry$DefaultModule           : loaded 2 times (x 84B)
Class com.google.common.primitives.Ints                                               : loaded 2 times (x 69B)
Class com.google.common.collect.AbstractIterator                                      : loaded 2 times (x 80B)
Class com.google.common.collect.ObjectArrays                                          : loaded 2 times (x 69B)
Class com.google.common.collect.Multiset                                              : loaded 2 times (x 68B)
Class com.google.common.collect.ArrayListMultimapGwtSerializationDependencies         : loaded 2 times (x 170B)
Class com.google.common.collect.RegularImmutableMap$KeySet                            : loaded 2 times (x 150B)
Class com.google.common.math.MathPreconditions                                        : loaded 2 times (x 69B)
Class com.google.common.collect.ImmutableMapEntrySet                                  : loaded 2 times (x 150B)
Class org.gradle.api.internal.classpath.Module                                        : loaded 2 times (x 68B)
Class com.google.common.cache.Weigher                                                 : loaded 2 times (x 68B)
Class org.gradle.api.internal.classpath.UnknownModuleException                        : loaded 2 times (x 80B)
Class org.jetbrains.kotlin.config.ApiVersion                                          : loaded 2 times (x 84B)
Class com.google.common.base.Stopwatch                                                : loaded 2 times (x 70B)
Class com.google.common.cache.LocalCache$Strength                                     : loaded 2 times (x 79B)
Class com.google.common.cache.Cache                                                   : loaded 2 times (x 68B)
Class jdk.internal.jimage.ImageHeader                                                 : loaded 2 times (x 69B)
Class com.google.common.base.NullnessCasts                                            : loaded 2 times (x 69B)
Class com.google.common.io.Files$2                                                    : loaded 2 times (x 74B)
Class com.google.common.util.concurrent.AbstractFuture$Cancellation                   : loaded 2 times (x 70B)
Class com.google.common.collect.ImmutableMap$Builder                                  : loaded 2 times (x 80B)
Class com.google.common.cache.RemovalListener                                         : loaded 2 times (x 68B)
Class ijKotlinCoroutineJvmDebugInit1_1vofitpqu6zj8ocss4464vrjd                        : loaded 2 times (x 177B)
Class org.gradle.api.internal.DefaultClassPathRegistry                                : loaded 2 times (x 74B)
Class org.jetbrains.kotlin.cli.common.messages.MessageCollector                       : loaded 2 times (x 68B)
Class com.google.common.primitives.IntsMethodsForWeb                                  : loaded 2 times (x 69B)
Class com.google.common.collect.Multimap                                              : loaded 2 times (x 68B)
Class org.gradle.api.internal.ClassPathRegistry                                       : loaded 2 times (x 68B)
Class org.gradle.internal.classpath.DefaultClassPath$ImmutableUniqueList              : loaded 2 times (x 197B)
Class jdk.internal.jimage.decompressor.ResourceDecompressor                           : loaded 2 times (x 68B)
Class com.google.common.base.Equivalence$Identity                                     : loaded 2 times (x 80B)
Class com.google.common.io.ByteSink                                                   : loaded 2 times (x 74B)
Class com.google.common.cache.CacheBuilder                                            : loaded 2 times (x 70B)
Class com.google.common.collect.SingletonImmutableList                                : loaded 2 times (x 205B)
Class Settings_gradle$1                                                               : loaded 2 times (x 72B)
Class org.gradle.internal.classpath.ClassPath                                         : loaded 2 times (x 68B)
Class org.gradle.api.UncheckedIOException                                             : loaded 2 times (x 80B)
Class com.google.common.io.Files$FileByteSource                                       : loaded 2 times (x 83B)
Class com.google.common.base.JdkPattern                                               : loaded 2 times (x 73B)
Class com.google.common.collect.ImmutableList$ReverseImmutableList                    : loaded 2 times (x 207B)
Class org.jetbrains.kotlin.cli.common.arguments.Freezable                             : loaded 2 times (x 70B)
Class org.objectweb.asm.SymbolTable$Entry                                             : loaded 2 times (x 72B)
Class com.google.common.util.concurrent.AbstractFuture$AtomicHelper                   : loaded 2 times (x 76B)
Class ijKotlinCoroutineJvmDebugInit1_1vofitpqu6zj8ocss4464vrjd$_run_closure1          : loaded 2 times (x 137B)
Class org.objectweb.asm.Edge                                                          : loaded 2 times (x 70B)
Class com.google.common.base.Suppliers$SupplierOfInstance                             : loaded 2 times (x 77B)
Class com.google.common.collect.Iterators$1                                           : loaded 2 times (x 79B)
Class jdk.internal.jimage.ImageStringsReader                                          : loaded 2 times (x 78B)
Class com.google.common.cache.LocalCache$ComputingValueReference                      : loaded 2 times (x 94B)
Class com.google.common.collect.SingletonImmutableSet                                 : loaded 2 times (x 144B)
Class com.google.common.collect.ImmutableMap$IteratorBasedImmutableMap                : loaded 2 times (x 124B)
Class com.google.common.cache.LocalCache$Segment                                      : loaded 2 times (x 152B)
Class jdk.internal.jimage.ImageReader                                                 : loaded 2 times (x 73B)
Class org.jetbrains.kotlin.utils.DescriptionAware                                     : loaded 2 times (x 68B)
Class com.google.common.collect.SortedIterable                                        : loaded 2 times (x 68B)
Class com.google.common.collect.AbstractListMultimap                                  : loaded 2 times (x 170B)
Class [Lorg.objectweb.asm.SymbolTable$Entry;                                          : loaded 2 times (x 67B)
Class com.google.common.cache.CacheLoader                                             : loaded 2 times (x 72B)
Class com.google.common.collect.Iterators$4                                           : loaded 2 times (x 80B)
Class com.google.common.collect.ImmutableBiMap                                        : loaded 2 times (x 141B)
Class jdk.internal.jimage.ImageReader$SharedImageReader                               : loaded 2 times (x 93B)
Class org.gradle.internal.installation.GradleInstallation$1                           : loaded 2 times (x 73B)
Class org.gradle.api.internal.classpath.ModuleRegistry                                : loaded 2 times (x 68B)
Class com.google.common.base.Splitter$SplittingIterator                               : loaded 2 times (x 82B)
Class com.google.common.util.concurrent.internal.InternalFutureFailureAccess          : loaded 2 times (x 70B)
Class com.google.common.collect.Iterators$5                                           : loaded 2 times (x 80B)
Class com.google.common.collect.ImmutableSet$JdkBackedSetBuilderImpl                  : loaded 2 times (x 74B)
Class jdk.internal.jimage.decompressor.ResourceDecompressorFactory                    : loaded 2 times (x 72B)
Class com.google.common.util.concurrent.AbstractFuture$UnsafeAtomicHelper             : loaded 2 times (x 76B)
Class com.google.common.cache.LocalCache$LocalManualCache$1                           : loaded 2 times (x 73B)
Class com.google.common.base.CharMatcher$ForPredicate                                 : loaded 2 times (x 110B)
Class com.google.common.base.CharMatcher$AnyOf                                        : loaded 2 times (x 110B)
Class com.google.common.collect.ImmutableCollection                                   : loaded 2 times (x 123B)
Class jdk.internal.jimage.ImageReader$Node                                            : loaded 2 times (x 82B)
Class ijJvmDebugger1_8bw46vsrclgnm43io2r9xvak2$_run_closure1$_closure2                : loaded 2 times (x 138B)
Class org.gradle.api.internal.classpath.DefaultModuleRegistry                         : loaded 2 times (x 84B)
Class com.google.common.collect.Lists                                                 : loaded 2 times (x 69B)
Class com.google.common.util.concurrent.ListenableFuture                              : loaded 2 times (x 68B)
Class com.google.common.cache.ReferenceEntry                                          : loaded 2 times (x 68B)
Class com.google.common.base.Converter                                                : loaded 2 times (x 88B)
Class com.google.common.collect.ImmutableSet$CachingAsList                            : loaded 2 times (x 146B)
Class jdk.internal.jimage.BasicImageReader$1                                          : loaded 2 times (x 75B)
Class com.google.common.collect.AbstractMapBasedMultimap                              : loaded 2 times (x 137B)
Class com.google.common.util.concurrent.AbstractFuture                                : loaded 2 times (x 104B)
Class com.google.common.base.FunctionalEquivalence                                    : loaded 2 times (x 81B)
Class com.google.common.collect.Iterators$9                                           : loaded 2 times (x 79B)
Class com.google.common.collect.ImmutableAsList                                       : loaded 2 times (x 207B)
Class org.objectweb.asm.RecordComponentVisitor                                        : loaded 2 times (x 75B)
Class com.google.common.cache.CacheLoader$SupplierToCacheLoader                       : loaded 2 times (x 73B)
Class com.google.common.collect.Maps$EntryTransformer                                 : loaded 2 times (x 68B)
Class jdk.internal.jimage.decompressor.Decompressor                                   : loaded 2 times (x 70B)
Class jdk.internal.jimage.ImageReader$Resource                                        : loaded 2 times (x 82B)
Class org.gradle.internal.service.ServiceLookupException                              : loaded 2 times (x 80B)
Class com.google.common.base.CharMatcher$JavaLetter                                   : loaded 2 times (x 109B)
Class com.google.common.collect.ImmutableSortedSet                                    : loaded 2 times (x 298B)
Class [Lcom.google.common.cache.LocalCache$EntryFactory;                              : loaded 2 times (x 67B)
Class jdk.internal.jrtfs.JrtFileAttributes                                            : loaded 2 times (x 81B)
Class org.gradle.internal.classloader.ClassLoaderFactory                              : loaded 2 times (x 68B)
Class com.google.common.base.CommonPattern                                            : loaded 2 times (x 72B)
Class com.google.common.cache.LocalCache$LocalManualCache                             : loaded 2 times (x 97B)
Class com.google.common.base.CharMatcher$IsNot                                        : loaded 2 times (x 109B)
Class org.gradle.internal.service.CachingServiceLocator                               : loaded 2 times (x 80B)
Class com.google.common.collect.AbstractMapBasedMultimap$KeySet                       : loaded 2 times (x 135B)
Class com.google.common.collect.RegularImmutableSortedSet                             : loaded 2 times (x 298B)
Class com.google.common.math.IntMath                                                  : loaded 2 times (x 69B)
Class com.google.common.collect.ImmutableMapEntry                                     : loaded 2 times (x 83B)
Class com.google.common.base.Equivalence                                              : loaded 2 times (x 80B)
Class com.google.common.base.Function                                                 : loaded 2 times (x 68B)
Class com.google.common.collect.ImmutableMapEntry$NonTerminalImmutableMapEntry        : loaded 2 times (x 83B)
Class com.google.common.cache.CacheBuilder$OneWeigher                                 : loaded 2 times (x 80B)
Class com.google.common.collect.RegularImmutableList                                  : loaded 2 times (x 211B)
Class jdk.internal.jimage.ImageBufferCache                                            : loaded 2 times (x 69B)
Class jdk.internal.jrtfs.JrtPath                                                      : loaded 2 times (x 116B)
Class org.gradle.internal.classloader.ClasspathUtil                                   : loaded 2 times (x 69B)
Class com.google.common.base.Charsets                                                 : loaded 2 times (x 69B)
Class com.google.common.util.concurrent.Uninterruptibles                              : loaded 2 times (x 69B)
Class com.google.common.collect.Maps                                                  : loaded 2 times (x 69B)
Class org.gradle.api.specs.Spec                                                       : loaded 2 times (x 68B)
Class [Lcom.google.common.collect.ImmutableEntry;                                     : loaded 2 times (x 67B)
Class jdk.internal.jimage.ImageReader$SharedImageReader$LocationVisitor               : loaded 2 times (x 68B)
Class com.google.common.cache.LocalCache$LoadingValueReference                        : loaded 2 times (x 94B)
Class ijKotlinCoroutineJvmDebugInit1_1vofitpqu6zj8ocss4464vrjd$_run_closure1$_closure2: loaded 2 times (x 137B)
Class com.google.common.collect.AbstractIndexedListIterator                           : loaded 2 times (x 94B)
Class com.google.common.base.Platform                                                 : loaded 2 times (x 69B)
Class jdk.internal.jimage.decompressor.ResourceDecompressorRepository                 : loaded 2 times (x 69B)
Class com.google.common.collect.AbstractMapBasedMultimap$WrappedList                  : loaded 2 times (x 203B)
Class com.google.common.collect.Maps$8                                                : loaded 2 times (x 80B)
Class jdk.internal.jimage.ImageReader$Directory                                       : loaded 2 times (x 82B)
Class com.google.common.collect.ImmutableRangeSet$Builder                             : loaded 2 times (x 75B)
Class com.google.common.collect.Sets$SetView                                          : loaded 2 times (x 136B)
Class com.google.common.cache.LocalCache$StrongValueReference                         : loaded 2 times (x 88B)
Class com.google.common.util.concurrent.AbstractFuture$SynchronizedHelper             : loaded 2 times (x 76B)
Class com.google.common.graph.SuccessorsFunction                                      : loaded 2 times (x 68B)
Class org.objectweb.asm.Type                                                          : loaded 2 times (x 70B)
Class org.gradle.internal.classloader.VisitableURLClassLoader$InstrumentingVisitableURLClassLoader: loaded 2 times (x 121B)
Class com.google.common.io.Files$FileByteSink                                         : loaded 2 times (x 75B)
Class org.objectweb.asm.ByteVector                                                    : loaded 2 times (x 77B)
Class [Lcom.google.common.cache.CacheBuilder$NullListener;                            : loaded 2 times (x 67B)
Class com.google.common.math.IntMath$1                                                : loaded 2 times (x 69B)
Class org.gradle.internal.classloader.VisitableURLClassLoader$Spec                    : loaded 2 times (x 72B)
Class org.gradle.internal.classpath.DefaultClassPath                                  : loaded 2 times (x 88B)
Class com.google.common.base.AbstractIterator                                         : loaded 2 times (x 78B)
Class org.objectweb.asm.Symbol                                                        : loaded 2 times (x 71B)
Class jdk.internal.jimage.decompressor.ZipDecompressorFactory                         : loaded 2 times (x 72B)
Class com.google.common.io.Closer                                                     : loaded 2 times (x 76B)
Class com.google.common.base.CharMatcher$Ascii                                        : loaded 2 times (x 110B)
Class com.google.common.base.CharMatcher$BitSetMatcher                                : loaded 2 times (x 110B)
Class com.google.common.collect.ImmutableSet                                          : loaded 2 times (x 143B)
Class com.google.common.collect.RegularImmutableMap$Values                            : loaded 2 times (x 205B)
Class org.gradle.internal.classloader.ClassLoaderSpec                                 : loaded 2 times (x 69B)
Class org.objectweb.asm.AnnotationWriter                                              : loaded 2 times (x 77B)
Class com.google.common.cache.CacheStats                                              : loaded 2 times (x 69B)
Class com.google.common.io.Closer$Suppressor                                          : loaded 2 times (x 68B)
Class com.google.common.io.LineProcessor                                              : loaded 2 times (x 68B)
Class org.objectweb.asm.RecordComponentWriter                                         : loaded 2 times (x 76B)
Class com.google.common.util.concurrent.AbstractFuture$Listener                       : loaded 2 times (x 70B)
Class com.google.common.base.CharMatcher$Or                                           : loaded 2 times (x 110B)
Class Settings_gradle$1$1                                                             : loaded 2 times (x 72B)
Class org.objectweb.asm.Attribute                                                     : loaded 2 times (x 75B)
Class com.google.common.base.Supplier                                                 : loaded 2 times (x 68B)
Class org.gradle.internal.classloader.VisitableURLClassLoader                         : loaded 2 times (x 115B)
Class com.google.common.util.concurrent.AbstractFuture$Waiter                         : loaded 2 times (x 70B)
Class Settings_gradle                                                                 : loaded 2 times (x 126B)
Class org.gradle.internal.Cast                                                        : loaded 2 times (x 69B)
Class org.gradle.api.Action                                                           : loaded 2 times (x 68B)
Class com.google.common.base.Strings                                                  : loaded 2 times (x 69B)
Class com.google.common.collect.Sets                                                  : loaded 2 times (x 69B)
Class org.objectweb.asm.Handler                                                       : loaded 2 times (x 70B)
Class com.google.common.base.Ticker                                                   : loaded 2 times (x 70B)
Class com.google.common.base.CharMatcher$FastMatcher                                  : loaded 2 times (x 109B)
Class jdk.internal.jimage.decompressor.ZipDecompressor                                : loaded 2 times (x 73B)
Class [Lcom.google.common.cache.LocalCache$Segment;                                   : loaded 2 times (x 67B)
Class [Lcom.google.common.cache.LocalCache$Strength;                                  : loaded 2 times (x 67B)
Class com.google.common.cache.CacheBuilder$1                                          : loaded 2 times (x 83B)
Class com.google.common.base.Predicate                                                : loaded 2 times (x 68B)
Class com.google.common.collect.ImmutableMap                                          : loaded 2 times (x 118B)
Class org.gradle.internal.classpath.DefaultClassPath$ImmutableUniqueList$Builder      : loaded 2 times (x 73B)
Class com.google.common.collect.AbstractRangeSet                                      : loaded 2 times (x 112B)
Class com.google.common.cache.LocalCache                                              : loaded 2 times (x 185B)
Class com.google.common.cache.CacheBuilder$2                                          : loaded 2 times (x 77B)
Class com.google.common.base.CharMatcher$NegatedFastMatcher                           : loaded 2 times (x 111B)
Class org.jetbrains.kotlin.config.LanguageVersion                                     : loaded 2 times (x 89B)
Class org.jetbrains.kotlin.cli.common.arguments.K2JVMCompilerArguments                : loaded 2 times (x 79B)
Class com.google.common.collect.ArrayListMultimap                                     : loaded 2 times (x 170B)
Class com.google.common.cache.CacheBuilder$3                                          : loaded 2 times (x 70B)
Class [Lcom.google.common.collect.AbstractMapEntry;                                   : loaded 2 times (x 67B)
Class com.google.common.collect.ImmutableEntry                                        : loaded 2 times (x 80B)
Class org.gradle.api.GradleException                                                  : loaded 2 times (x 80B)
Class com.google.common.collect.CollectPreconditions                                  : loaded 2 times (x 69B)
Class jdk.internal.jimage.ImageStrings                                                : loaded 2 times (x 68B)
Class [Lcom.google.common.io.FileWriteMode;                                           : loaded 2 times (x 67B)
Class com.google.common.collect.SortedMapDifference                                   : loaded 2 times (x 68B)
Class com.google.common.io.Files                                                      : loaded 2 times (x 69B)
Class org.jetbrains.kotlin.cli.common.arguments.CommonCompilerArguments               : loaded 2 times (x 78B)
Class com.google.common.cache.LocalCache$EntryFactory                                 : loaded 2 times (x 81B)
Class com.google.common.base.Splitter$1$1                                             : loaded 2 times (x 84B)
Class com.google.common.cache.LocalCache$AbstractReferenceEntry                       : loaded 2 times (x 105B)
Class org.gradle.internal.IoActions                                                   : loaded 2 times (x 69B)
Class com.google.common.collect.ImmutableRangeSet$ComplementRanges                    : loaded 2 times (x 205B)
Class org.objectweb.asm.SymbolTable                                                   : loaded 2 times (x 70B)
Class com.google.common.cache.CacheLoader$InvalidCacheLoadException                   : loaded 2 times (x 80B)
Class com.google.common.collect.ImmutableSet$RegularSetBuilderImpl                    : loaded 2 times (x 75B)
Class org.gradle.internal.classloader.SystemClassLoaderSpec                           : loaded 2 times (x 69B)
Class com.google.common.cache.LocalCache$StrongEntry                                  : loaded 2 times (x 106B)
Class com.google.common.util.concurrent.AbstractFuture$TrustedFuture                  : loaded 2 times (x 112B)
Class com.google.common.cache.LoadingCache                                            : loaded 2 times (x 68B)
Class com.google.common.io.ByteStreams$LimitedInputStream                             : loaded 2 times (x 90B)
Class org.objectweb.asm.MethodWriter                                                  : loaded 2 times (x 104B)
Class [Lcom.google.common.cache.Weigher;                                              : loaded 2 times (x 67B)
Class com.google.common.collect.RegularImmutableMap$BucketOverflowException           : loaded 2 times (x 80B)
Class jdk.internal.jrtfs.JrtFileSystem                                                : loaded 2 times (x 100B)
Class com.google.common.collect.AbstractMapBasedMultimap$RandomAccessWrappedList      : loaded 2 times (x 203B)
Class jdk.internal.jimage.decompressor.CompressedResourceHeader                       : loaded 2 times (x 69B)
Class com.google.common.collect.RegularImmutableBiMap                                 : loaded 2 times (x 147B)
Class com.google.common.cache.LocalCache$ValueReference                               : loaded 2 times (x 68B)
Class com.google.common.base.CharMatcher$Negated                                      : loaded 2 times (x 111B)
Class com.google.common.base.CharMatcher$Is                                           : loaded 2 times (x 109B)
Class org.jetbrains.kotlin.cli.common.arguments.CommonToolArguments                   : loaded 2 times (x 71B)
Class com.google.common.base.PatternCompiler                                          : loaded 2 times (x 68B)
Class com.google.common.util.concurrent.AbstractFuture$Failure                        : loaded 2 times (x 70B)
Class com.google.common.base.Equivalence$Equals                                       : loaded 2 times (x 80B)
Class com.google.common.collect.Hashing                                               : loaded 2 times (x 69B)
Class com.google.common.base.Preconditions                                            : loaded 2 times (x 69B)
Class com.google.common.io.CharSink                                                   : loaded 2 times (x 77B)
Class com.google.common.base.Joiner$1                                                 : loaded 2 times (x 78B)
Class org.objectweb.asm.Label                                                         : loaded 2 times (x 71B)
Class org.objectweb.asm.CurrentFrame                                                  : loaded 2 times (x 71B)
Class org.objectweb.asm.ClassTooLargeException                                        : loaded 2 times (x 81B)
Class com.google.common.base.CharMatcher                                              : loaded 2 times (x 109B)
Class com.google.common.collect.PeekingIterator                                       : loaded 2 times (x 68B)
Class com.google.common.collect.Table                                                 : loaded 2 times (x 68B)
Class com.google.common.collect.RangeGwtSerializationDependencies                     : loaded 2 times (x 69B)
Class com.google.common.base.Joiner$2                                                 : loaded 2 times (x 77B)
Class org.objectweb.asm.Frame                                                         : loaded 2 times (x 71B)
Class org.objectweb.asm.MethodVisitor                                                 : loaded 2 times (x 103B)
Class com.google.common.cache.LocalCache$EntryFactory$1                               : loaded 2 times (x 81B)
Class [Lcom.google.common.cache.RemovalListener;                                      : loaded 2 times (x 67B)
Class com.google.common.base.CharMatcher$NamedFastMatcher                             : loaded 2 times (x 110B)
Class com.google.common.base.CharMatcher$1                                            : loaded 2 times (x 111B)
Class com.google.common.collect.RangeSet                                              : loaded 2 times (x 68B)
Class com.google.common.cache.LocalCache$EntryFactory$2                               : loaded 2 times (x 81B)
Class org.gradle.api.internal.classpath.GlobalCacheRootsProvider                      : loaded 2 times (x 68B)
Class com.google.common.collect.CollectCollectors                                     : loaded 2 times (x 69B)
Class org.objectweb.asm.ModuleWriter                                                  : loaded 2 times (x 80B)
Class com.google.common.cache.LocalCache$EntryFactory$3                               : loaded 2 times (x 81B)
Class com.google.common.base.Ticker$1                                                 : loaded 2 times (x 70B)
Class com.google.common.collect.Maps$BiMapConverter                                   : loaded 2 times (x 88B)
Class com.google.common.collect.ImmutableMapEntrySet$RegularEntrySet                  : loaded 2 times (x 150B)
Class com.google.common.cache.LocalCache$EntryFactory$4                               : loaded 2 times (x 81B)
Class com.google.common.base.CharMatcher$InRange                                      : loaded 2 times (x 109B)
Class com.google.common.collect.ImmutableSet$Builder                                  : loaded 2 times (x 83B)
Class com.google.common.io.ByteStreams$1                                              : loaded 2 times (x 83B)
Class com.google.common.cache.LocalCache$EntryFactory$5                               : loaded 2 times (x 81B)
Class com.google.common.base.PairwiseEquivalence                                      : loaded 2 times (x 81B)
Class com.google.common.cache.LocalCache$EntryFactory$6                               : loaded 2 times (x 81B)
Class org.gradle.internal.installation.CurrentGradleInstallationLocator               : loaded 2 times (x 69B)
Class com.google.common.collect.Maps$KeySet                                           : loaded 2 times (x 135B)
Class com.google.common.cache.LocalCache$EntryFactory$7                               : loaded 2 times (x 81B)
Class com.google.common.collect.ImmutableSet$EmptySetBuilderImpl                      : loaded 2 times (x 74B)
Class com.google.common.collect.ImmutableList                                         : loaded 2 times (x 204B)
Class org.gradle.internal.service.DefaultServiceLocator                               : loaded 2 times (x 81B)
Class com.google.common.collect.Maps$EntrySet                                         : loaded 2 times (x 134B)
Class org.jetbrains.kotlin.util.capitalizeDecapitalize.CapitalizeDecapitalizeKt       : loaded 2 times (x 69B)
Class com.google.common.cache.LocalCache$EntryFactory$8                               : loaded 2 times (x 81B)
Class com.google.common.collect.ImmutableSet$SetBuilderImpl                           : loaded 2 times (x 74B)
Class jdk.internal.jrtfs.JrtDirectoryStream                                           : loaded 2 times (x 87B)
Class org.gradle.internal.installation.CurrentGradleInstallation                      : loaded 2 times (x 71B)
Class com.google.common.cache.CacheLoader$1                                           : loaded 2 times (x 73B)
Class com.google.common.collect.ForwardingObject                                      : loaded 2 times (x 70B)
Class com.google.common.collect.ImmutableList$SubList                                 : loaded 2 times (x 207B)
Class org.gradle.util.internal.GUtil                                                  : loaded 2 times (x 69B)
Class com.google.common.io.ByteSource                                                 : loaded 2 times (x 82B)
Class com.google.common.util.concurrent.AbstractFuture$SetFuture                      : loaded 2 times (x 73B)
Class com.google.common.cache.AbstractCache$StatsCounter                              : loaded 2 times (x 68B)
Class com.google.common.collect.Iterators$MergingIterator                             : loaded 2 times (x 79B)
Class com.google.common.collect.RegularImmutableSet                                   : loaded 2 times (x 147B)
Class org.gradle.internal.installation.GradleInstallation                             : loaded 2 times (x 73B)
Class com.google.common.base.Splitter$Strategy                                        : loaded 2 times (x 68B)
Class com.google.common.collect.Iterables                                             : loaded 2 times (x 69B)
Class jdk.internal.jimage.decompressor.ResourceDecompressor$StringsProvider           : loaded 2 times (x 68B)

---------------  S Y S T E M  ---------------

OS:
 Windows 11 , 64 bit Build 26100 (10.0.26100.7309)
OS uptime: 5 days 22:22 hours

CPU: total 8 (initial active 8) (4 cores per cpu, 2 threads per core) family 6 model 142 stepping 12 microcode 0xf0, cx8, cmov, fxsr, ht, mmx, 3dnowpref, sse, sse2, sse3, ssse3, sse4.1, sse4.2, popcnt, lzcnt, tsc, tscinvbit, avx, avx2, aes, erms, clmul, bmi1, bmi2, adx, fma, vzeroupper, clflush, clflushopt, rdtscp, f16c
Processor Information for processor 0
  Max Mhz: 1800, Current Mhz: 1500, Mhz Limit: 1584
Processor Information for processor 1
  Max Mhz: 1800, Current Mhz: 1600, Mhz Limit: 1584
Processor Information for processor 2
  Max Mhz: 1800, Current Mhz: 1500, Mhz Limit: 1584
Processor Information for processor 3
  Max Mhz: 1800, Current Mhz: 1600, Mhz Limit: 1584
Processor Information for processor 4
  Max Mhz: 1800, Current Mhz: 1500, Mhz Limit: 1584
Processor Information for processor 5
  Max Mhz: 1800, Current Mhz: 1500, Mhz Limit: 1584
Processor Information for processor 6
  Max Mhz: 1800, Current Mhz: 1600, Mhz Limit: 1584
Processor Information for processor 7
  Max Mhz: 1800, Current Mhz: 1600, Mhz Limit: 1584

Memory: 4k page, system-wide physical 8062M (349M free)
TotalPageFile size 32638M (AvailPageFile size 7M)
current process WorkingSet (physical memory assigned to process): 555M, peak: 555M
current process commit charge ("private bytes"): 802M, peak: 803M

vm_info: OpenJDK 64-Bit Server VM (21.0.7+-13880790-b1038.58) for windows-amd64 JRE (21.0.7+-13880790-b1038.58), built on 2025-08-04T20:56:21Z by "builder" with MS VC++ 16.10 / 16.11 (VS2019)

END.
